Liquid_type,group_id,wall_mode,wall_size_mm,n_runs,run_ids,diameter_mean_mm,diameter_mean_unc_mm,raw_velocity_mean_mm_s,wall_coef_mean,wall_coef_min_among_runs,wall_coef_max_among_runs,velocity_wall_corrected,u_from_run_uncertainties,sample_variance_corrected,tau_between_runs_mm_s,u_from_between_run_scatter,u_random_mean,u_shared_wall,u_shared_calibration,u_total,notes
glyco,1,min,98.15,5,"[13, 14, 15, 24, 25]",1.55,0.00447213595499958,1.2413244882435754,1.0343601658680335,1.0336727558992371,1.0350478341092542,1.2839856409538055,0.028967948998942138,0.0007592457170077587,0.0,0.0,0.028967948998942138,0.00028452589837112813,0.0,0.02896934628520562,Equal-weight mean; other run errors assumed independent; Full wall and calibration budgets use fully correlated conservative bounds across runs; Diameter mean uncertainty includes independent measurement errors only; Wall modes are separate width-sensitivity scenarios; do not average them
glyco,1,Auto,98.88,5,"[13, 14, 15, 24, 25]",1.55,0.00447213595499958,1.2413244882435754,1.0340979720572583,1.0334159744812002,1.0347802239591162,1.2836601021763905,0.02896052298344561,0.0007586316256757068,0.0,0.0,0.02896052298344561,0.0002822847100654795,0.0,0.028961898696946962,Equal-weight mean; other run errors assumed independent; Full wall and calibration budgets use fully correlated conservative bounds across runs; Diameter mean uncertainty includes independent measurement errors only; Wall modes are separate width-sensitivity scenarios; do not average them
glyco,1,max,99.25,5,"[13, 14, 15, 24, 25]",1.55,0.00447213595499958,1.2413244882435754,1.0339666011123263,1.0332873144380355,1.034646140146519,1.2834969925539323,0.02895680222951032,0.0007583240891215691,0.0,0.0,0.02895680222951032,0.00028116217424468287,0.0,0.02895816719903385,Equal-weight mean; other run errors assumed independent; Full wall and calibration budgets use fully correlated conservative bounds across runs; Diameter mean uncertainty includes independent measurement errors only; Wall modes are separate width-sensitivity scenarios; do not average them
glyco,2,min,98.15,5,"[10, 11, 12, 22, 23]",2.336,0.00447213595499958,2.7555405145733993,1.0526844659938857,1.0523051086590465,1.0530165200033894,2.9007276906276496,0.07488450610601038,0.014283027497945733,0.0,0.0,0.07488450610601038,0.0006536602031423876,0.0,0.07488735892259973,Equal-weight mean; other run errors assumed independent; Full wall and calibration budgets use fully correlated conservative bounds across runs; Diameter mean uncertainty includes independent measurement errors only; Wall modes are separate width-sensitivity scenarios; do not average them
glyco,2,Auto,98.88,5,"[10, 11, 12, 22, 23]",2.336,0.00447213595499958,2.7555405145733993,1.0522756355095852,1.0518993613396053,1.0526049899373335,2.8996010360423528,0.07485534749716338,0.014271201919795534,0.0,0.0,0.07485534749716338,0.0006483439346196683,0.0,0.07485815519219427,Equal-weight mean; other run errors assumed independent; Full wall and calibration budgets use fully correlated conservative bounds across runs; Diameter mean uncertainty includes independent measurement errors only; Wall modes are separate width-sensitivity scenarios; do not average them
glyco,2,max,99.25,5,"[10, 11, 12, 22, 23]",2.336,0.00447213595499958,2.7555405145733993,1.0520708322946286,1.051696101830945,1.0523988350768223,2.899036639602176,0.07484074054252761,0.014265279967300802,0.0,0.0,0.07484074054252761,0.0006456821668698023,0.0,0.07484352577487614,Equal-weight mean; other run errors assumed independent; Full wall and calibration budgets use fully correlated conservative bounds across runs; Diameter mean uncertainty includes independent measurement errors only; Wall modes are separate width-sensitivity scenarios; do not average them
glyco,3,min,98.15,5,"[7, 8, 9, 20, 21]",3.1380000000000003,0.00447213595499958,4.636806248270695,1.072040882678727,1.071598899601932,1.0723356458201356,4.970824803653361,0.1482651032865338,0.026828868626318707,0.0,0.0,0.1482651032865338,0.0011394390153484754,0.0,0.14826948159967457,Equal-weight mean; other run errors assumed independent; Full wall and calibration budgets use fully correlated conservative bounds across runs; Diameter mean uncertainty includes independent measurement errors only; Wall modes are separate width-sensitivity scenarios; do not average them
glyco,3,Auto,98.88,5,"[7, 8, 9, 20, 21]",3.1380000000000003,0.00447213595499958,4.636806248270695,1.071472159317666,1.071033884016318,1.071764448896938,4.968187920313595,0.14818656876818975,0.02680243413757651,0.0,0.0,0.14818656876818975,0.0011298695242811319,0.0,0.1481908761308581,Equal-weight mean; other run errors assumed independent; Full wall and calibration budgets use fully correlated conservative bounds across runs; Diameter mean uncertainty includes independent measurement errors only; Wall modes are separate width-sensitivity scenarios; do not average them
glyco,3,max,99.25,5,"[7, 8, 9, 20, 21]",3.1380000000000003,0.00447213595499958,4.636806248270695,1.0711873144499222,1.0707508949160682,1.0714783659987384,4.96686723828765,0.14814723474203817,0.026789198634616207,0.0,0.0,0.14814723474203817,0.001125080011831417,0.0,0.14815150679876862,Equal-weight mean; other run errors assumed independent; Full wall and calibration budgets use fully correlated conservative bounds across runs; Diameter mean uncertainty includes independent measurement errors only; Wall modes are separate width-sensitivity scenarios; do not average them
glyco,4,min,98.15,5,"[4, 5, 6, 18, 19]",4.715999999999999,0.00447213595499958,10.304888517352058,1.1121777802617916,1.11201978684973,1.1122831092031662,11.460860232707693,0.2722101096246042,0.2943801694098569,0.0,0.0,0.2722101096246042,0.002716755239884889,0.0,0.2722236663864339,Equal-weight mean; other run errors assumed independent; Full wall and calibration budgets use fully correlated conservative bounds across runs; Diameter mean uncertainty includes independent measurement errors only; Wall modes are separate width-sensitivity scenarios; do not average them
glyco,4,Auto,98.88,5,"[4, 5, 6, 18, 19]",4.715999999999999,0.00447213595499958,10.304888517352058,1.1112616450414516,1.1111050603034007,1.111366034866819,11.451419630979235,0.2719859213955391,0.29389708937183745,0.0,0.0,0.2719859213955391,0.0026924860607665108,0.0,0.2719992480110337,Equal-weight mean; other run errors assumed independent; Full wall and calibration budgets use fully correlated conservative bounds across runs; Diameter mean uncertainty includes independent measurement errors only; Wall modes are separate width-sensitivity scenarios; do not average them
glyco,4,max,99.25,5,"[4, 5, 6, 18, 19]",4.715999999999999,0.00447213595499958,10.304888517352058,1.1108029815473792,1.1106471013605663,1.110906901671921,11.4466931896084,0.2718736814400707,0.29365538333477814,0.0,0.0,0.2718736814400707,0.0026803481707770487,0.0,0.2718868936269154,Equal-weight mean; other run errors assumed independent; Full wall and calibration budgets use fully correlated conservative bounds across runs; Diameter mean uncertainty includes independent measurement errors only; Wall modes are separate width-sensitivity scenarios; do not average them
glyco,5,min,98.15,5,"[1, 2, 3, 16, 17]",6.322,0.00447213595499958,17.321435631224425,1.1560209748604646,1.1559643802474449,1.1562473533125437,20.02397108957109,0.3672775947261809,0.46439540612486113,0.0,0.0,0.3672775947261809,0.004911007050022996,0.0,0.36731042672117836,Equal-weight mean; other run errors assumed independent; Full wall and calibration budgets use fully correlated conservative bounds across runs; Diameter mean uncertainty includes independent measurement errors only; Wall modes are separate width-sensitivity scenarios; do not average them
glyco,5,Auto,98.88,5,"[1, 2, 3, 16, 17]",6.322,0.00447213595499958,17.321435631224425,1.1547018084742184,1.1546457495598337,1.1549260441317577,20.00112096713687,0.36685858518897607,0.4633243675324003,0.0,0.0,0.36685858518897607,0.0048643788644464996,0.0,0.3668908335030927,Equal-weight mean; other run errors assumed independent; Full wall and calibration budgets use fully correlated conservative bounds across runs; Diameter mean uncertainty includes independent measurement errors only; Wall modes are separate width-sensitivity scenarios; do not average them
glyco,5,max,99.25,5,"[1, 2, 3, 16, 17]",6.322,0.00447213595499958,17.321435631224425,1.154041641429353,1.153985850255145,1.1542648061261858,19.989685792823746,0.3666488948963492,0.4627888472915257,0.0,0.0,0.3666488948963492,0.004841075497618612,0.0,0.366680853250736,Equal-weight mean; other run errors assumed independent; Full wall and calibration budgets use fully correlated conservative bounds across runs; Diameter mean uncertainty includes independent measurement errors only; Wall modes are separate width-sensitivity scenarios; do not average them
water,1,min,99.23,5,"[13, 14, 15, 26, 27]",2.332,0.00447213595499958,75.2167571734496,1.051988183574877,1.0514729537562593,1.0524099372860491,79.1271538717759,0.1021358708314352,4.890944174547953,2.19972395859014,0.983746460628497,0.9890342941018733,0.017625607724722443,0.0,0.9891913348575474,Equal-weight mean; other run errors assumed independent; Full wall and calibration budgets use fully correlated conservative bounds across runs; Diameter mean uncertainty includes independent measurement errors only; Wall modes are separate width-sensitivity scenarios; do not average them
water,1,Auto,99.33,5,"[13, 14, 15, 26, 27]",2.332,0.00447213595499958,75.2167571734496,1.0519331868304993,1.0514185276667931,1.052354473211671,79.12301717950714,0.10213051612661517,4.890428890269242,2.199608073873116,0.9836946354075332,0.9889821929912835,0.01760607083631893,0.0,0.989138894081181,Equal-weight mean; other run errors assumed independent; Full wall and calibration budgets use fully correlated conservative bounds across runs; Diameter mean uncertainty includes independent measurement errors only; Wall modes are separate width-sensitivity scenarios; do not average them
water,1,max,99.43,5,"[13, 14, 15, 26, 27]",2.332,0.00447213595499958,75.2167571734496,1.0518783062613433,1.051364216494183,1.0522991263434605,79.11888922559572,0.10212517273458692,4.889914723316667,2.1994924343553266,0.9836429198430008,0.9889302021191047,0.017586577069936205,0.0,0.9890865646425342,Equal-weight mean; other run errors assumed independent; Full wall and calibration budgets use fully correlated conservative bounds across runs; Diameter mean uncertainty includes independent measurement errors only; Wall modes are separate width-sensitivity scenarios; do not average them
water,2,min,99.23,5,"[10, 11, 12, 24, 25]",3.14,0.00447213595499958,92.35006945861637,1.0712511205463944,1.0712511205463944,1.0712511205463944,98.93011539008015,0.5061019735489702,15.236600271266758,3.7357601948085404,1.6706827486459508,1.745657484804322,0.022415200872854937,0.0,1.7458013906179368,Equal-weight mean; other run errors assumed independent; Full wall and calibration budgets use fully correlated conservative bounds across runs; Diameter mean uncertainty includes independent measurement errors only; Wall modes are separate width-sensitivity scenarios; do not average them
water,2,Auto,99.33,5,"[10, 11, 12, 24, 25]",3.14,0.00447213595499958,92.35006945861637,1.0711744360598805,1.0711744360598805,1.0711744360598805,98.9230335724242,0.5060657447234214,15.234418954438565,3.735492773989291,1.6705631544198625,1.74553252358348,0.022389540935034206,0.0,1.745676110402784,Equal-weight mean; other run errors assumed independent; Full wall and calibration budgets use fully correlated conservative bounds across runs; Diameter mean uncertainty includes independent measurement errors only; Wall modes are separate width-sensitivity scenarios; do not average them
water,2,max,99.43,5,"[10, 11, 12, 24, 25]",3.14,0.00447213595499958,92.35006945861637,1.0710979163065033,1.0710979163065033,1.0710979163065033,98.91596696788483,0.5060295937244101,15.232242479151914,3.735225927641788,1.6704438171053497,1.7454078308035583,0.022363939349089666,0.0,1.7455510996855956,Equal-weight mean; other run errors assumed independent; Full wall and calibration budgets use fully correlated conservative bounds across runs; Diameter mean uncertainty includes independent measurement errors only; Wall modes are separate width-sensitivity scenarios; do not average them
water,3,min,99.23,5,"[7, 8, 9, 22, 23]",3.932,0.00447213595499958,112.77799111900484,1.0907995654367915,1.090498286699624,1.0910004544609078,123.01877650047568,0.40381361606720734,17.3986997123881,4.072268720232216,1.8211739362170616,1.8654061065831269,0.02834169396877354,0.0,1.8656213962362889,Equal-weight mean; other run errors assumed independent; Full wall and calibration budgets use fully correlated conservative bounds across runs; Diameter mean uncertainty includes independent measurement errors only; Wall modes are separate width-sensitivity scenarios; do not average them
water,3,Auto,99.33,5,"[7, 8, 9, 22, 23]",3.932,0.00447213595499958,112.77799111900484,1.0907001731734,1.0903992496980794,1.0909008252753571,123.00756654156866,0.40377688424539127,17.39532844688856,4.071872982502521,1.8209969569240898,1.8652253722748122,0.02830822438181089,0.0,1.865440174582225,Equal-weight mean; other run errors assumed independent; Full wall and calibration budgets use fully correlated conservative bounds across runs; Diameter mean uncertainty includes independent measurement errors only; Wall modes are separate width-sensitivity scenarios; do not average them
water,3,max,99.43,5,"[7, 8, 9, 22, 23]",3.932,0.00447213595499958,112.77799111900484,1.090600997954585,1.090300428911615,1.0908014136876485,122.99638106214552,0.40374023262515124,17.39196490196848,4.071478113015889,1.8208203659212197,1.8650450344143692,0.028274833088340768,0.0,1.8652593510233018,Equal-weight mean; other run errors assumed independent; Full wall and calibration budgets use fully correlated conservative bounds across runs; Diameter mean uncertainty includes independent measurement errors only; Wall modes are separate width-sensitivity scenarios; do not average them
water,4,min,99.23,6,"[4, 5, 6, 19, 20, 21]",4.733333333333333,0.004082482904638631,121.75093811834468,1.1112782980371414,1.1111916007432054,1.1114516926250138,135.29936343244088,0.7269327864137846,41.642748400675245,6.20259306620186,2.5321980157199198,2.634474912915135,0.03170019972803776,0.0,2.634665627635129,Equal-weight mean; other run errors assumed independent; Full wall and calibration budgets use fully correlated conservative bounds across runs; Diameter mean uncertainty includes independent measurement errors only; Wall modes are separate width-sensitivity scenarios; do not average them
water,4,Auto,99.33,6,"[4, 5, 6, 19, 20, 21]",4.733333333333333,0.004082482904638631,121.75093811834468,1.1111543794918748,1.111067787612212,1.1113275632512003,135.28427600455208,0.7268516734860876,41.633385163995875,6.201895277453395,2.5319131446562535,2.634178719702337,0.031661585812606044,0.0,2.634368991494702,Equal-weight mean; other run errors assumed independent; Full wall and calibration budgets use fully correlated conservative bounds across runs; Diameter mean uncertainty includes independent measurement errors only; Wall modes are separate width-sensitivity scenarios; do not average them
water,4,max,99.43,6,"[4, 5, 6, 19, 20, 21]",4.733333333333333,0.004082482904638631,121.75093811834468,1.1110307360592566,1.1109442493409416,1.1112037094958866,135.2692220724352,0.7267707406483268,41.62404377968896,6.201199039130566,2.5316289065512034,2.6338831845676376,0.031623064760302744,0.0,2.634073014966175,Equal-weight mean; other run errors assumed independent; Full wall and calibration budgets use fully correlated conservative bounds across runs; Diameter mean uncertainty includes independent measurement errors only; Wall modes are separate width-sensitivity scenarios; do not average them
water,5,min,99.23,6,"[1, 2, 3, 16, 17, 18]",6.315,0.004082482904638631,148.63308551979134,1.153882007767162,1.153463693323462,1.1543004049050796,171.50479250305816,1.2988210129856286,15.683349122677345,2.3583326695017517,0.9627852806691686,1.616753388877297,0.041538093937006686,0.0,1.6172869051884837,Equal-weight mean; other run errors assumed independent; Full wall and calibration budgets use fully correlated conservative bounds across runs; Diameter mean uncertainty includes independent measurement errors only; Wall modes are separate width-sensitivity scenarios; do not average them
water,5,Auto,99.33,6,"[1, 2, 3, 16, 17, 18]",6.315,0.004082482904638631,148.63308551979134,1.1537047168139245,1.1532869416029314,1.1541225745252068,171.47844152468033,1.2986214546452606,15.678636461631166,2.3579928682761806,0.9626465573997317,1.616510462984551,0.04148437620756373,0.0,1.617042680453382,Equal-weight mean; other run errors assumed independent; Full wall and calibration budgets use fully correlated conservative bounds across runs; Diameter mean uncertainty includes independent measurement errors only; Wall modes are separate width-sensitivity scenarios; do not average them
water,5,max,99.43,6,"[1, 2, 3, 16, 17, 18]",6.315,0.004082482904638631,148.63308551979134,1.1535278324441118,1.1531105951046796,1.1539451520905837,171.45215097723624,1.2984223539539423,15.673935294185378,2.357653842000899,0.9625081505024254,1.6162680931797473,0.04143079459806477,0.0,1.6167990165051198,Equal-weight mean; other run errors assumed independent; Full wall and calibration budgets use fully correlated conservative bounds across runs; Diameter mean uncertainty includes independent measurement errors only; Wall modes are separate width-sensitivity scenarios; do not average them
