Liquid_type,run_id,group_id,diameter,pos_h,pos_w,fps,fps_unc,scale_rel_unc,status,n_saved,n_chosen,speed,selection_ids,velocity,u_fit,u_selection,u_calibration,u_total,overlap_domain,test,method,uncertainty_model,timing_model,uncertainty_rule,diameter_unc,wall_size_unc,wall_model_rel_unc,cov_diameter_wall_size,u_independent_raw,wall_budget_basis,wall_formula,wall_size_mm_min,wall_coef_min,wall_cor_unc_min,velocity_wall_corrected_min,u_independent_corrected_min,u_calibration_corrected_min,u_wall_min,u_total_corrected_min,wall_size_mm_Auto,wall_coef_Auto,wall_cor_unc_Auto,velocity_wall_corrected_Auto,u_independent_corrected_Auto,u_calibration_corrected_Auto,u_wall_Auto,u_total_corrected_Auto,wall_size_mm_max,wall_coef_max,wall_cor_unc_max,velocity_wall_corrected_max,u_independent_corrected_max,u_calibration_corrected_max,u_wall_max,u_total_corrected_max
glyco,1,5,6.32,22.5,20.0,20.0,0.0,0.0,accepted,9,9,16.444050864047462,"[""S001"", ""S002"", ""S003"", ""S004"", ""S005"", ""S006"", ""S007"", ""S008"", ""S009""]",16.444050864047462,0.029386698811490784,1.269815819175151,0.0,1.2701558143371612,True,"[""u_fit uses a conservative same-run correlation bound; no independent-repeat averaging gain."", ""u_selection is range sensitivity; its quadrature contribution is a reporting convention and can double-count noise."", ""Linear fit diagnostics do not establish terminal motion; inspect residuals and subrange stability."", ""Selected ranges share tracked points.""]",ols,iid,one_frame,"u_fit=mean(range u_fit); u_selection=sample SD of chosen velocities; u_calibration=abs(velocity)*hypot(scale_rel_unc,fps_unc); u_total=sqrt(u_fit^2+u_selection^2+u_calibration^2)",0.01,0.01,0.0,0.0,1.2701558143371612,Saved u_total and saved u_calibration,1/(1-2.104*(d/W)+2.089*(d/W)^3),98.15,1.1559643802474449,0.0002834953096965718,19.008737065816085,1.4682548787379452,0.0,0.004661811292369315,1.4682622795067317,98.88,1.1546457495598337,0.00028080383438371115,18.987053435718114,1.4665800123031125,0.0,0.004617552535425305,1.46658728150711,99.25,1.153985850255145,0.00027945871459225923,18.97620201798666,1.4657418373643851,0.0,0.004595433317156433,1.4657490412098846
glyco,2,5,6.32,68.0,20.0,20.0,0.0,0.0,accepted,10,10,17.785816783977957,"[""S001"", ""S002"", ""S003"", ""S004"", ""S005"", ""S006"", ""S007"", ""S008"", ""S009"", ""S010""]",17.785816783977957,0.04077601319919662,0.6385102742213216,0.0,0.6398109514056541,True,"[""u_fit uses a conservative same-run correlation bound; no independent-repeat averaging gain."", ""u_selection is range sensitivity; its quadrature contribution is a reporting convention and can double-count noise."", ""Linear fit diagnostics do not establish terminal motion; inspect residuals and subrange stability."", ""Selected ranges share tracked points.""]",ols,iid,one_frame,"u_fit=mean(range u_fit); u_selection=sample SD of chosen velocities; u_calibration=abs(velocity)*hypot(scale_rel_unc,fps_unc); u_total=sqrt(u_fit^2+u_selection^2+u_calibration^2)",0.01,0.01,0.0,0.0,0.6398109514056541,Saved u_total and saved u_calibration,1/(1-2.104*(d/W)+2.089*(d/W)^3),98.15,1.1559643802474449,0.0002834953096965718,20.55977067588568,0.739598669917165,0.0,0.005042195637380315,0.7396158572394762,98.88,1.1546457495598337,0.00028080383438371115,20.536317752070097,0.7387549955623719,0.0,0.0049943255505871765,0.7387718773451419,99.25,1.153985850255145,0.00027945871459225923,20.524580903941033,0.7383327847604071,0.0,0.00497040149642391,0.7383495147578099
glyco,3,5,6.32,40.0,48.0,20.0,0.0,0.0,accepted,7,7,17.006264274013713,"[""S001"", ""S002"", ""S003"", ""S004"", ""S005"", ""S006"", ""S007""]",17.006264274013713,0.029581545264873742,0.4075173130538724,0.0,0.40858955965480276,True,"[""u_fit uses a conservative same-run correlation bound; no independent-repeat averaging gain."", ""u_selection is range sensitivity; its quadrature contribution is a reporting convention and can double-count noise."", ""Linear fit diagnostics do not establish terminal motion; inspect residuals and subrange stability."", ""Selected ranges share tracked points.""]",ols,iid,one_frame,"u_fit=mean(range u_fit); u_selection=sample SD of chosen velocities; u_calibration=abs(velocity)*hypot(scale_rel_unc,fps_unc); u_total=sqrt(u_fit^2+u_selection^2+u_calibration^2)",0.01,0.01,0.0,0.0,0.40858955965480276,Saved u_total and saved u_calibration,1/(1-2.104*(d/W)+2.089*(d/W)^3),98.15,1.1559643802474449,0.0002834953096965718,19.658635741834523,0.4723149771019405,0.0,0.004821196157143263,0.4723395828502966,98.88,1.1546457495598337,0.00028080383438371115,19.636210759881184,0.4717761983699421,0.0,0.00477542421668577,0.47180036670698366,99.25,1.153985850255145,0.00027945871459225923,19.62498833791141,0.47150657040362287,0.0,0.004752548754032133,0.47153052144420726
glyco,4,4,4.72,32.0,80.0,20.0,0.0,0.0,accepted,9,9,9.691768326326704,"[""S001"", ""S002"", ""S003"", ""S004"", ""S005"", ""S006"", ""S007"", ""S008"", ""S009""]",9.691768326326704,0.012755619747373947,0.17927487121061886,0.0,0.1797280870724539,True,"[""u_fit uses a conservative same-run correlation bound; no independent-repeat averaging gain."", ""u_selection is range sensitivity; its quadrature contribution is a reporting convention and can double-count noise."", ""Linear fit diagnostics do not establish terminal motion; inspect residuals and subrange stability."", ""Selected ranges share tracked points.""]",ols,iid,one_frame,"u_fit=mean(range u_fit); u_selection=sample SD of chosen velocities; u_calibration=abs(velocity)*hypot(scale_rel_unc,fps_unc); u_total=sqrt(u_fit^2+u_selection^2+u_calibration^2)",0.01,0.01,0.0,0.0,0.1797280870724539,Saved u_total and saved u_calibration,1/(1-2.104*(d/W)+2.089*(d/W)^3),98.15,1.1122831092031662,0.00026368521292487483,10.779990207683433,0.19990851550008643,0.0,0.0025555759947460148,0.19992484972637398,98.88,1.111366034866819,0.000261329308196545,10.771102135677536,0.1997436914839115,0.0,0.0025327431119201442,0.19975974838613259,99.25,1.110906901671921,0.0002601510376150167,10.76665232312166,0.19966117235308103,0.0,0.002521323586418246,0.1996770913701273
glyco,5,4,4.72,45.0,55.0,20.0,0.0,0.0,accepted,10,10,10.26500547627013,"[""S001"", ""S002"", ""S003"", ""S004"", ""S005"", ""S006"", ""S007"", ""S008"", ""S009"", ""S010""]",10.26500547627013,0.015232086545841067,0.58742426666293,0.0,0.5876217197526152,True,"[""u_fit uses a conservative same-run correlation bound; no independent-repeat averaging gain."", ""u_selection is range sensitivity; its quadrature contribution is a reporting convention and can double-count noise."", ""Linear fit diagnostics do not establish terminal motion; inspect residuals and subrange stability."", ""Selected ranges share tracked points.""]",ols,iid,one_frame,"u_fit=mean(range u_fit); u_selection=sample SD of chosen velocities; u_calibration=abs(velocity)*hypot(scale_rel_unc,fps_unc); u_total=sqrt(u_fit^2+u_selection^2+u_calibration^2)",0.01,0.01,0.0,0.0,0.5876217197526152,Saved u_total and saved u_calibration,1/(1-2.104*(d/W)+2.089*(d/W)^3),98.15,1.1122831092031662,0.00026368521292487483,11.417592207133268,0.6536017134817504,0.0,0.002706730154685295,0.6536073180851103,98.88,1.111366034866819,0.000261329308196545,11.408178434048518,0.6530628206830852,0.0,0.0026825467797474186,0.6530683301276927,99.25,1.110906901671921,0.0002601510376150167,11.403465429288552,0.6527930240455037,0.0,0.002670451825775503,0.6527984861773404
glyco,6,4,4.71,60.0,70.0,20.0,0.0,0.0,accepted,10,10,10.772256490115891,"[""S001"", ""S002"", ""S003"", ""S004"", ""S005"", ""S006"", ""S007"", ""S008"", ""S009"", ""S010""]",10.772256490115891,0.012034257316904554,0.7763856807615042,0.0,0.776478942818589,True,"[""u_fit uses a conservative same-run correlation bound; no independent-repeat averaging gain."", ""u_selection is range sensitivity; its quadrature contribution is a reporting convention and can double-count noise."", ""Linear fit diagnostics do not establish terminal motion; inspect residuals and subrange stability."", ""Selected ranges share tracked points.""]",ols,iid,one_frame,"u_fit=mean(range u_fit); u_selection=sample SD of chosen velocities; u_calibration=abs(velocity)*hypot(scale_rel_unc,fps_unc); u_total=sqrt(u_fit^2+u_selection^2+u_calibration^2)",0.01,0.01,0.0,0.0,0.776478942818589,Saved u_total and saved u_calibration,1/(1-2.104*(d/W)+2.089*(d/W)^3),98.15,1.11201978684973,0.00026356682874708736,11.978962366029293,0.8634599484864309,0.0,0.0028392094815500755,0.8634646163860278,98.88,1.1111050603034007,0.00026121288867753486,11.969108697053917,0.8627496825847691,0.0,0.0028138522353584948,0.8627542712525521,99.25,1.1106471013605663,0.0002600355953102945,11.964175445859762,0.8623940871089828,0.0,0.002801170129242469,0.8623986363826353
glyco,7,3,3.12,45.0,20.0,20.0,0.0,0.0,accepted,10,10,4.772218788185009,"[""S001"", ""S002"", ""S003"", ""S004"", ""S005"", ""S006"", ""S007"", ""S008"", ""S009"", ""S010""]",4.772218788185009,0.00598910901226991,0.4207683932016868,0.0,0.4208110147611278,True,"[""u_fit uses a conservative same-run correlation bound; no independent-repeat averaging gain."", ""u_selection is range sensitivity; its quadrature contribution is a reporting convention and can double-count noise."", ""Linear fit diagnostics do not establish terminal motion; inspect residuals and subrange stability."", ""Selected ranges share tracked points.""]",ols,iid,one_frame,"u_fit=mean(range u_fit); u_selection=sample SD of chosen velocities; u_calibration=abs(velocity)*hypot(scale_rel_unc,fps_unc); u_total=sqrt(u_fit^2+u_selection^2+u_calibration^2)",0.01,0.01,0.0,0.0,0.4208110147611278,Saved u_total and saved u_calibration,1/(1-2.104*(d/W)+2.089*(d/W)^3),98.15,1.071598899601932,0.0002455444581326979,5.113904402078722,0.450940620358397,0.0,0.0011717918764355684,0.4509421428358827,98.88,1.071033884016318,0.00024348373137455796,5.111208024085437,0.4507028555764589,0.0,0.0011619576374830574,0.4507043533962432,99.25,1.0707508949160682,0.00024245233300430365,5.109857538184373,0.4505837706460164,0.0,0.0011570355788024262,0.4505852561956644
glyco,8,3,3.14,60.0,30.0,20.0,0.0,0.0,accepted,8,8,4.798591172845198,"[""S001"", ""S002"", ""S003"", ""S004"", ""S005"", ""S006"", ""S007"", ""S008""]",4.798591172845198,0.003989825041131391,0.3629547998642576,0.0,0.36297672852176366,True,"[""u_fit uses a conservative same-run correlation bound; no independent-repeat averaging gain."", ""u_selection is range sensitivity; its quadrature contribution is a reporting convention and can double-count noise."", ""Linear fit diagnostics do not establish terminal motion; inspect residuals and subrange stability."", ""Selected ranges share tracked points.""]",ols,iid,one_frame,"u_fit=mean(range u_fit); u_selection=sample SD of chosen velocities; u_calibration=abs(velocity)*hypot(scale_rel_unc,fps_unc); u_total=sqrt(u_fit^2+u_selection^2+u_calibration^2)",0.01,0.01,0.0,0.0,0.36297672852176366,Saved u_total and saved u_calibration,1/(1-2.104*(d/W)+2.089*(d/W)^3),98.15,1.0720899559905224,0.00024576160204918166,5.144521399312117,0.38914370490648137,0.0,0.0011793094542174973,0.3891454918653581,98.88,1.0715208212250245,0.0002436974133923677,5.141790354250239,0.38893712223121296,0.0,0.0011694042567498228,0.38893888023160295,99.25,1.0712357704449347,0.00024266429185152384,5.140422512093088,0.3888336554315934,0.0,0.0011644467288434532,0.38883539902184755
glyco,9,3,3.14,33.0,30.0,20.0,0.0,0.0,accepted,10,10,4.654145221058653,"[""S001"", ""S002"", ""S003"", ""S004"", ""S005"", ""S006"", ""S007"", ""S008"", ""S009"", ""S010""]",4.654145221058653,0.0037684302167158416,0.3210737857166191,0.0,0.3210958999126269,True,"[""u_fit uses a conservative same-run correlation bound; no independent-repeat averaging gain."", ""u_selection is range sensitivity; its quadrature contribution is a reporting convention and can double-count noise."", ""Linear fit diagnostics do not establish terminal motion; inspect residuals and subrange stability."", ""Selected ranges share tracked points.""]",ols,iid,one_frame,"u_fit=mean(range u_fit); u_selection=sample SD of chosen velocities; u_calibration=abs(velocity)*hypot(scale_rel_unc,fps_unc); u_total=sqrt(u_fit^2+u_selection^2+u_calibration^2)",0.01,0.01,0.0,0.0,0.3210958999126269,Saved u_total and saved u_calibration,1/(1-2.104*(d/W)+2.089*(d/W)^3),98.15,1.0720899559905224,0.00024576160204918166,4.989662345218271,0.34424368920606535,0.0,0.0011438101856969174,0.34424558945604955,98.88,1.0715208212250245,0.0002436974133923677,4.987013509369291,0.3440609423663662,0.0,0.0011342031519244432,0.34406281182194304,99.25,1.0712357704449347,0.00024266429185152384,4.985686841643377,0.3439694137296125,0.0,0.001129394854242352,0.3439712678614743
glyco,10,2,2.35,30.0,55.0,10.0,0.0,0.0,accepted,10,10,2.7854227749157574,"[""S001"", ""S002"", ""S003"", ""S004"", ""S005"", ""S006"", ""S007"", ""S008"", ""S009"", ""S010""]",2.7854227749157574,0.0024537136512085287,0.19945975103447183,0.0,0.19947484300887572,True,"[""u_fit uses a conservative same-run correlation bound; no independent-repeat averaging gain."", ""u_selection is range sensitivity; its quadrature contribution is a reporting convention and can double-count noise."", ""Linear fit diagnostics do not establish terminal motion; inspect residuals and subrange stability."", ""Selected ranges share tracked points.""]",ols,iid,one_frame,"u_fit=mean(range u_fit); u_selection=sample SD of chosen velocities; u_calibration=abs(velocity)*hypot(scale_rel_unc,fps_unc); u_total=sqrt(u_fit^2+u_selection^2+u_calibration^2)",0.01,0.01,0.0,0.0,0.19947484300887572,Saved u_total and saved u_calibration,1/(1-2.104*(d/W)+2.089*(d/W)^3),98.15,1.0530165200033894,0.00023736027795301915,2.933096197179975,0.21005030501342875,0.0,0.000661148724070674,0.21005134551787522,98.88,1.0526049899373335,0.00023542873299469943,2.9319499119614205,0.20996821511810881,0.0,0.0006557685547529966,0.20996923915726756,99.25,1.0523988350768223,0.00023446164654857527,2.931375683517793,0.2099270924096728,0.0,0.0006530748101406501,0.20992810825205602
glyco,11,2,2.34,70.0,62.0,10.0,0.0,0.0,accepted,11,11,2.933717555589023,"[""S001"", ""S002"", ""S003"", ""S004"", ""S005"", ""S006"", ""S007"", ""S008"", ""S009"", ""S010"", ""S011""]",2.933717555589023,0.003078206343495324,0.20885074936432424,0.0,0.2088734326436297,True,"[""u_fit uses a conservative same-run correlation bound; no independent-repeat averaging gain."", ""u_selection is range sensitivity; its quadrature contribution is a reporting convention and can double-count noise."", ""Linear fit diagnostics do not establish terminal motion; inspect residuals and subrange stability."", ""Selected ranges share tracked points.""]",ols,iid,one_frame,"u_fit=mean(range u_fit); u_selection=sample SD of chosen velocities; u_calibration=abs(velocity)*hypot(scale_rel_unc,fps_unc); u_total=sqrt(u_fit^2+u_selection^2+u_calibration^2)",0.01,0.01,0.0,0.0,0.2088734326436297,Saved u_total and saved u_calibration,1/(1-2.104*(d/W)+2.089*(d/W)^3),98.15,1.0527792794680484,0.0002372562064545952,3.0885570543357757,0.21989762191857842,0.0,0.0006960426980482996,0.21989872350899076,98.88,1.0523696785954475,0.00023532628776501795,3.087355401065042,0.21981206717830445,0.0,0.0006903808617078275,0.21981315134207427,99.25,1.052164489654549,0.00023436001108411325,3.086753434666915,0.21976920865987845,0.0,0.000687546078845501,0.2197702841482436
glyco,12,2,2.34,18.0,18.0,10.0,0.0,0.0,accepted,11,11,2.680103867329012,"[""S001"", ""S002"", ""S003"", ""S004"", ""S005"", ""S006"", ""S007"", ""S008"", ""S009"", ""S010"", ""S011""]",2.680103867329012,0.004668546638515535,0.1722477095996357,0.0,0.17231096537956145,True,"[""u_fit uses a conservative same-run correlation bound; no independent-repeat averaging gain."", ""u_selection is range sensitivity; its quadrature contribution is a reporting convention and can double-count noise."", ""Linear fit diagnostics do not establish terminal motion; inspect residuals and subrange stability."", ""Selected ranges share tracked points.""]",ols,iid,one_frame,"u_fit=mean(range u_fit); u_selection=sample SD of chosen velocities; u_calibration=abs(velocity)*hypot(scale_rel_unc,fps_unc); u_total=sqrt(u_fit^2+u_selection^2+u_calibration^2)",0.01,0.01,0.0,0.0,0.17231096537956145,Saved u_total and saved u_calibration,1/(1-2.104*(d/W)+2.089*(d/W)^3),98.15,1.0527792794680484,0.0002372562064545952,2.821557818346167,0.18140541397673854,0.0,0.0006358712764667711,0.18140652841712207,98.88,1.0523696785954475,0.00023532628776501795,2.8204600454634483,0.18133483525496036,0.0,0.0006306988939232046,0.18133593206543044,99.25,1.052164489654549,0.00023436001108411325,2.819910117789413,0.18129947895046894,0.0,0.000628109172053802,0.18130056698434108
glyco,13,1,1.54,45.0,40.0,5.0,0.0,0.0,accepted,11,11,1.2517691552223207,"[""S001"", ""S002"", ""S003"", ""S004"", ""S005"", ""S006"", ""S007"", ""S008"", ""S009"", ""S010"", ""S011""]",1.2517691552223207,0.0015361071933425805,0.06524103808130144,0.0,0.06525911947946635,True,"[""u_fit uses a conservative same-run correlation bound; no independent-repeat averaging gain."", ""u_selection is range sensitivity; its quadrature contribution is a reporting convention and can double-count noise."", ""Linear fit diagnostics do not establish terminal motion; inspect residuals and subrange stability."", ""Selected ranges share tracked points.""]",ols,iid,one_frame,"u_fit=mean(range u_fit); u_selection=sample SD of chosen velocities; u_calibration=abs(velocity)*hypot(scale_rel_unc,fps_unc); u_total=sqrt(u_fit^2+u_selection^2+u_calibration^2)",0.01,0.01,0.0,0.0,0.06525911947946635,Saved u_total and saved u_calibration,1/(1-2.104*(d/W)+2.089*(d/W)^3),98.15,1.0341307179345511,0.00022910848876587128,1.2944929351783852,0.06748646007907719,0.0,0.00028679093943671726,0.06748706945073124,98.88,1.0338703330114623,0.00022730458622731542,1.2941669933631774,0.06746946758827067,0.0,0.0002845328698799258,0.06747006755294342,99.25,1.0337398680699024,0.0002264010677657196,1.294003681373495,0.06746095356106153,0.0,0.0002834018733385262,0.06746154884072492
glyco,14,1,1.58,55.0,65.0,5.0,0.0,0.0,accepted,11,11,1.2571846784618559,"[""S001"", ""S002"", ""S003"", ""S004"", ""S005"", ""S006"", ""S007"", ""S008"", ""S009"", ""S010"", ""S011""]",1.2571846784618559,0.0012542135931798838,0.08033268526221798,0.0,0.08034247552307491,True,"[""u_fit uses a conservative same-run correlation bound; no independent-repeat averaging gain."", ""u_selection is range sensitivity; its quadrature contribution is a reporting convention and can double-count noise."", ""Linear fit diagnostics do not establish terminal motion; inspect residuals and subrange stability."", ""Selected ranges share tracked points.""]",ols,iid,one_frame,"u_fit=mean(range u_fit); u_selection=sample SD of chosen velocities; u_calibration=abs(velocity)*hypot(scale_rel_unc,fps_unc); u_total=sqrt(u_fit^2+u_selection^2+u_calibration^2)",0.01,0.01,0.0,0.0,0.08034247552307491,Saved u_total and saved u_calibration,1/(1-2.104*(d/W)+2.089*(d/W)^3),98.15,1.0350478341092542,0.0002295076608173201,1.3012462785172831,0.08315830527713446,0.0,0.00028853351476915525,0.08315880583650918,98.88,1.0347802239591162,0.0002276976450045317,1.3009098431367287,0.08313680481519727,0.0,0.000286257990621544,0.08313729763780756,99.25,1.034646140146519,0.00022679108150662418,1.3007412750219018,0.08312603218976564,0.0,0.00028511827288192187,0.08312652115927555
glyco,15,1,1.58,40.0,30.0,5.0,0.0,0.0,accepted,12,12,1.2621489189675228,"[""S001"", ""S002"", ""S003"", ""S004"", ""S005"", ""S006"", ""S007"", ""S008"", ""S009"", ""S010"", ""S011"", ""S012""]",1.2621489189675228,0.0010648463219658604,0.08482493129890019,0.0,0.08483161478807616,True,"[""u_fit uses a conservative same-run correlation bound; no independent-repeat averaging gain."", ""u_selection is range sensitivity; its quadrature contribution is a reporting convention and can double-count noise."", ""Linear fit diagnostics do not establish terminal motion; inspect residuals and subrange stability."", ""Selected ranges share tracked points.""]",ols,iid,one_frame,"u_fit=mean(range u_fit); u_selection=sample SD of chosen velocities; u_calibration=abs(velocity)*hypot(scale_rel_unc,fps_unc); u_total=sqrt(u_fit^2+u_selection^2+u_calibration^2)",0.01,0.01,0.0,0.0,0.08483161478807616,Saved u_total and saved u_calibration,1/(1-2.104*(d/W)+2.089*(d/W)^3),98.15,1.0350478341092542,0.0002295076608173201,1.306384504900671,0.0878047791503888,0.0,0.00028967284599534543,0.08780525697249715,98.88,1.0347802239591162,0.0002276976450045317,1.3060467410389696,0.08778207734921892,0.0,0.0002873883364939205,0.08778254778599334,99.25,1.034646140146519,0.00022679108150662418,1.305877507299849,0.08777070280287937,0.0,0.00028624411835506105,0.08777116956157453
water,1,5,6.3,40.0,30.0,20.0,0.0,0.0,accepted,9,9,152.65305326373016,"[""S001"", ""S002"", ""S003"", ""S004"", ""S005"", ""S006"", ""S007"", ""S008"", ""S009""]",152.65305326373016,0.24090338667713768,2.5665620337238533,0.0,2.5778431128882215,True,"[""u_fit uses a conservative same-run correlation bound; no independent-repeat averaging gain."", ""u_selection is range sensitivity; its quadrature contribution is a reporting convention and can double-count noise."", ""Linear fit diagnostics do not establish terminal motion; inspect residuals and subrange stability."", ""Selected ranges share tracked points.""]",ols,iid,one_frame,"u_fit=mean(range u_fit); u_selection=sample SD of chosen velocities; u_calibration=abs(velocity)*hypot(scale_rel_unc,fps_unc); u_total=sqrt(u_fit^2+u_selection^2+u_calibration^2)",0.01,0.01,0.0,0.0,2.5778431128882215,Saved u_total and saved u_calibration,1/(1-2.104*(d/W)+2.089*(d/W)^3),99.23,1.153463693323462,0.00027927901534843434,176.07975461468536,2.9734484378004984,0.0,0.04263279440542666,2.9737540529467195,99.33,1.1532869416029314,0.0002789180486120355,176.05277292487673,2.9729927995950374,0.0,0.04257769173098873,2.9732976719926776,99.43,1.1531105951046796,0.0002785579961205987,176.02585309348623,2.972538205989037,0.0,0.04252272861883569,2.9728423383209734
water,2,5,6.31,50.0,50.0,20.0,0.0,0.0,accepted,8,8,148.91416603758734,"[""S001"", ""S002"", ""S003"", ""S004"", ""S005"", ""S006"", ""S007"", ""S008""]",148.91416603758734,0.26146972226520687,1.6865822703293831,0.0,1.7067296711110582,True,"[""u_fit uses a conservative same-run correlation bound; no independent-repeat averaging gain."", ""u_selection is range sensitivity; its quadrature contribution is a reporting convention and can double-count noise."", ""Linear fit diagnostics do not establish terminal motion; inspect residuals and subrange stability."", ""Selected ranges share tracked points.""]",ols,iid,one_frame,"u_fit=mean(range u_fit); u_selection=sample SD of chosen velocities; u_calibration=abs(velocity)*hypot(scale_rel_unc,fps_unc); u_total=sqrt(u_fit^2+u_selection^2+u_calibration^2)",0.01,0.01,0.0,0.0,1.7067296711110582,Saved u_total and saved u_calibration,1/(1-2.104*(d/W)+2.089*(d/W)^3),99.23,1.1537424731535157,0.00027940502315085275,171.8085982117993,1.9691265117521588,0.0,0.04160736600922202,1.969566041591764,99.33,1.1535653621707262,0.0002790437587867904,171.7822238775011,1.9688242311827524,0.0,0.04155356862772857,1.9692626925725414,99.43,1.1533886573168552,0.0002786834097156815,171.7559100215521,1.9685226437656214,0.0,0.041499907546321976,1.9689600405656649
water,3,5,6.3,55.0,45.0,20.0,0.0,0.0,accepted,7,7,147.47719678333053,"[""S001"", ""S002"", ""S003"", ""S004"", ""S005"", ""S006"", ""S007""]",147.47719678333053,0.3853084471704823,2.99904619146865,0.0,3.02369652214364,True,"[""u_fit uses a conservative same-run correlation bound; no independent-repeat averaging gain."", ""u_selection is range sensitivity; its quadrature contribution is a reporting convention and can double-count noise."", ""Linear fit diagnostics do not establish terminal motion; inspect residuals and subrange stability."", ""Selected ranges share tracked points.""]",ols,iid,one_frame,"u_fit=mean(range u_fit); u_selection=sample SD of chosen velocities; u_calibration=abs(velocity)*hypot(scale_rel_unc,fps_unc); u_total=sqrt(u_fit^2+u_selection^2+u_calibration^2)",0.01,0.01,0.0,0.0,3.02369652214364,Saved u_total and saved u_calibration,1/(1-2.104*(d/W)+2.089*(d/W)^3),99.23,1.153463693323462,0.00027927901534843434,170.10959208269142,3.4877241579211105,0.0,0.04118728630399584,3.4879673442134758,99.33,1.1532869416029314,0.0002789180486120355,170.08352523442093,3.487189714358459,0.0,0.04113405194157971,3.4874323096164264,99.43,1.1531105951046796,0.0002785579961205987,170.05751814719622,3.486656496065003,0.0,0.04108095240944775,3.486898502423486
water,4,4,4.74,78.0,20.0,20.0,0.0,0.0,accepted,8,8,131.45524232874953,"[""S001"", ""S002"", ""S003"", ""S004"", ""S005"", ""S006"", ""S007"", ""S008""]",131.45524232874953,0.2957447340887043,1.0570777709632104,0.0,1.0976695138363586,True,"[""u_fit uses a conservative same-run correlation bound; no independent-repeat averaging gain."", ""u_selection is range sensitivity; its quadrature contribution is a reporting convention and can double-count noise."", ""Linear fit diagnostics do not establish terminal motion; inspect residuals and subrange stability."", ""Selected ranges share tracked points.""]",ols,iid,one_frame,"u_fit=mean(range u_fit); u_selection=sample SD of chosen velocities; u_calibration=abs(velocity)*hypot(scale_rel_unc,fps_unc); u_total=sqrt(u_fit^2+u_selection^2+u_calibration^2)",0.01,0.01,0.0,0.0,1.0976695138363586,Saved u_total and saved u_calibration,1/(1-2.104*(d/W)+2.089*(d/W)^3),99.23,1.1114516926250138,0.00026044563754364195,146.10615159072003,1.2200066390962967,0.0,0.03423694439676512,1.220486938807896,99.33,1.1113275632512003,0.00026012830906357176,146.08983413380525,1.21987038606689,0.0,0.03419522990451968,1.2203495698164548,99.43,1.1112037094958866,0.00025981174390257835,146.07355290838717,1.2197344355755082,0.0,0.034153615754568455,1.22021250722889
water,5,4,4.73,50.0,50.0,20.0,0.0,0.0,accepted,7,7,122.23104791219109,"[""S001"", ""S002"", ""S003"", ""S004"", ""S005"", ""S006"", ""S007""]",122.23104791219109,0.16287907881618577,0.5295955062098213,0.0,0.5540767045397651,True,"[""u_fit uses a conservative same-run correlation bound; no independent-repeat averaging gain."", ""u_selection is range sensitivity; its quadrature contribution is a reporting convention and can double-count noise."", ""Linear fit diagnostics do not establish terminal motion; inspect residuals and subrange stability."", ""Selected ranges share tracked points.""]",ols,iid,one_frame,"u_fit=mean(range u_fit); u_selection=sample SD of chosen velocities; u_calibration=abs(velocity)*hypot(scale_rel_unc,fps_unc); u_total=sqrt(u_fit^2+u_selection^2+u_calibration^2)",0.01,0.01,0.0,0.0,0.5540767045397651,Saved u_total and saved u_calibration,1/(1-2.104*(d/W)+2.089*(d/W)^3),99.23,1.1111916007432054,0.0002603300170161188,135.82211379006705,0.6156853802520617,0.0,0.031820410782878734,0.6165071175570619,99.33,1.111067787612212,0.0002600129511376359,135.80697998132044,0.615616778280462,0.0,0.03178165548829457,0.6164366077107947,99.43,1.1109442493409416,0.0002596966476871091,135.7918797689658,0.6155483286022321,0.0,0.03174299338607844,0.6163662567614406
water,6,4,4.73,28.0,70.0,20.0,0.0,0.0,accepted,7,7,115.28584394494196,"[""S001"", ""S002"", ""S003"", ""S004"", ""S005"", ""S006"", ""S007""]",115.28584394494196,0.1855463112031986,0.7142202596137261,0.0,0.7379281894898803,True,"[""u_fit uses a conservative same-run correlation bound; no independent-repeat averaging gain."", ""u_selection is range sensitivity; its quadrature contribution is a reporting convention and can double-count noise."", ""Linear fit diagnostics do not establish terminal motion; inspect residuals and subrange stability."", ""Selected ranges share tracked points.""]",ols,iid,one_frame,"u_fit=mean(range u_fit); u_selection=sample SD of chosen velocities; u_calibration=abs(velocity)*hypot(scale_rel_unc,fps_unc); u_total=sqrt(u_fit^2+u_selection^2+u_calibration^2)",0.01,0.01,0.0,0.0,0.7379281894898803,Saved u_total and saved u_calibration,1/(1-2.104*(d/W)+2.089*(d/W)^3),99.23,1.1111916007432054,0.0002603300170161188,128.10466147621145,0.8199796061127955,0.0,0.030012365715904356,0.8205286689304405,99.33,1.111067787612212,0.0002600129511376359,128.0903875749134,0.8198882409132063,0.0,0.02997581250851731,0.8204360285380559,99.43,1.1109442493409416,0.0002596966476871091,128.0761453610505,0.8197970785403551,0.0,0.02993934719828063,0.8203435953879084
water,7,3,3.94,67.0,28.0,20.0,0.0,0.0,accepted,8,8,116.89529018865066,"[""S001"", ""S002"", ""S003"", ""S004"", ""S005"", ""S006"", ""S007"", ""S008""]",116.89529018865066,0.21092540374151042,0.6855493407301647,0.0,0.7172638458190143,True,"[""u_fit uses a conservative same-run correlation bound; no independent-repeat averaging gain."", ""u_selection is range sensitivity; its quadrature contribution is a reporting convention and can double-count noise."", ""Linear fit diagnostics do not establish terminal motion; inspect residuals and subrange stability."", ""Selected ranges share tracked points.""]",ols,iid,one_frame,"u_fit=mean(range u_fit); u_selection=sample SD of chosen velocities; u_calibration=abs(velocity)*hypot(scale_rel_unc,fps_unc); u_total=sqrt(u_fit^2+u_selection^2+u_calibration^2)",0.01,0.01,0.0,0.0,0.7172638458190143,Saved u_total and saved u_calibration,1/(1-2.104*(d/W)+2.089*(d/W)^3),99.23,1.0910004544609078,0.0002513914284057782,127.53281472015756,0.782535181756923,0.0,0.02938647397443284,0.7830867611829424,99.33,1.0909008252753571,0.00025109446235149047,127.52116853760137,0.7824637213441392,0.0,0.029351760041340696,0.7830140490676034,99.43,1.0908014136876485,0.00025079819116280243,127.50954779120805,0.7823924170064203,0.0,0.02931712733476447,0.7829414972680341
water,8,3,3.93,50.0,50.0,20.0,0.0,0.0,accepted,8,8,111.49948544658764,"[""S001"", ""S002"", ""S003"", ""S004"", ""S005"", ""S006"", ""S007"", ""S008""]",111.49948544658764,0.15220480707766593,0.5182533127580707,0.0,0.5401414624728083,True,"[""u_fit uses a conservative same-run correlation bound; no independent-repeat averaging gain."", ""u_selection is range sensitivity; its quadrature contribution is a reporting convention and can double-count noise."", ""Linear fit diagnostics do not establish terminal motion; inspect residuals and subrange stability."", ""Selected ranges share tracked points.""]",ols,iid,one_frame,"u_fit=mean(range u_fit); u_selection=sample SD of chosen velocities; u_calibration=abs(velocity)*hypot(scale_rel_unc,fps_unc); u_total=sqrt(u_fit^2+u_selection^2+u_calibration^2)",0.01,0.01,0.0,0.0,0.5401414624728083,Saved u_total and saved u_calibration,1/(1-2.104*(d/W)+2.089*(d/W)^3),99.23,1.0907493157812589,0.00025128071324612383,121.6179874608279,0.5891589306173042,0.0,0.028017670229594345,0.5898247497106405,99.33,1.0906499828091032,0.0002509839936285394,121.60691188554466,0.5891052767604522,0.0,0.027984586144911772,0.5897695856592734,99.43,1.0905508667430066,0.00025068796805626013,121.5958604951754,0.5890517400635562,0.0,0.027951579445923604,0.5897145438815505
water,9,3,3.92,28.0,70.0,20.0,0.0,0.0,accepted,9,9,109.07308989085777,"[""S001"", ""S002"", ""S003"", ""S004"", ""S005"", ""S006"", ""S007"", ""S008"", ""S009""]",109.07308989085777,0.3207013149853315,1.4475229340881415,0.0,1.4826233433156457,True,"[""u_fit uses a conservative same-run correlation bound; no independent-repeat averaging gain."", ""u_selection is range sensitivity; its quadrature contribution is a reporting convention and can double-count noise."", ""Linear fit diagnostics do not establish terminal motion; inspect residuals and subrange stability."", ""Selected ranges share tracked points.""]",ols,iid,one_frame,"u_fit=mean(range u_fit); u_selection=sample SD of chosen velocities; u_calibration=abs(velocity)*hypot(scale_rel_unc,fps_unc); u_total=sqrt(u_fit^2+u_selection^2+u_calibration^2)",0.01,0.01,0.0,0.0,1.4826233433156457,Saved u_total and saved u_calibration,1/(1-2.104*(d/W)+2.089*(d/W)^3),99.23,1.090498286699624,0.0002511700578310822,118.94401765101448,1.61679821570658,0.0,0.027395894295701575,1.6170303043963778,99.33,1.0903992496980794,0.0002508735844548911,118.93321537924248,1.6166513811362382,0.0,0.027363557028490037,1.6168829433149938,99.43,1.090300428911615,0.00025057780430455946,118.92243669071736,1.616504867131421,0.0,0.027331295373564983,1.6167359045825545
water,10,2,3.14,75.0,20.0,20.0,0.0,0.0,accepted,8,8,96.27035161267199,"[""S001"", ""S002"", ""S003"", ""S004"", ""S005"", ""S006"", ""S007"", ""S008""]",96.27035161267199,0.21095129794110018,0.6937124122594862,0.0,0.725077486221928,True,"[""u_fit uses a conservative same-run correlation bound; no independent-repeat averaging gain."", ""u_selection is range sensitivity; its quadrature contribution is a reporting convention and can double-count noise."", ""Linear fit diagnostics do not establish terminal motion; inspect residuals and subrange stability."", ""Selected ranges share tracked points.""]",ols,iid,one_frame,"u_fit=mean(range u_fit); u_selection=sample SD of chosen velocities; u_calibration=abs(velocity)*hypot(scale_rel_unc,fps_unc); u_total=sqrt(u_fit^2+u_selection^2+u_calibration^2)",0.01,0.01,0.0,0.0,0.725077486221928,Saved u_total and saved u_calibration,1/(1-2.104*(d/W)+2.089*(d/W)^3),99.23,1.0712511205463944,0.000242719913523179,103.12972204047026,0.7767400695982032,0.0,0.023366731418273782,0.7770914617061464,99.33,1.0711744360598805,0.00024244205842278592,103.12233959799032,0.7766844674034895,0.0,0.023339982210061564,0.777035080723778,99.43,1.0710979163065033,0.00024216483517764244,103.11497301442739,0.7766289846530645,0.0,0.023313293830776394,0.7769788217657481
water,11,2,3.14,50.0,50.0,20.0,0.0,0.0,accepted,8,8,91.00545058180764,"[""S001"", ""S002"", ""S003"", ""S004"", ""S005"", ""S006"", ""S007"", ""S008""]",91.00545058180764,0.15486746887186525,0.8296953248807867,0.0,0.8440250381616723,True,"[""u_fit uses a conservative same-run correlation bound; no independent-repeat averaging gain."", ""u_selection is range sensitivity; its quadrature contribution is a reporting convention and can double-count noise."", ""Linear fit diagnostics do not establish terminal motion; inspect residuals and subrange stability."", ""Selected ranges share tracked points.""]",ols,iid,one_frame,"u_fit=mean(range u_fit); u_selection=sample SD of chosen velocities; u_calibration=abs(velocity)*hypot(scale_rel_unc,fps_unc); u_total=sqrt(u_fit^2+u_selection^2+u_calibration^2)",0.01,0.01,0.0,0.0,0.8440250381616723,Saved u_total and saved u_calibration,1/(1-2.104*(d/W)+2.089*(d/W)^3),99.23,1.0712511205463944,0.000242719913523179,97.48969091159096,0.9041627678999047,0.0,0.022088835095354288,0.9044325444676826,99.33,1.0711744360598805,0.00024244205842278592,97.48271220534312,0.9040980442732485,0.0,0.022063548766746564,0.9043672228928331,99.43,1.0710979163065033,0.00024216483517764244,97.47574849070863,0.9040334596854841,0.0,0.02203831994041053,0.9043020423380131
water,12,2,3.14,28.0,70.0,20.0,0.0,0.0,accepted,8,8,87.77922307746701,"[""S001"", ""S002"", ""S003"", ""S004"", ""S005"", ""S006"", ""S007"", ""S008""]",87.77922307746701,0.2323064781155736,1.5870955069278223,0.0,1.6040069974551054,True,"[""u_fit uses a conservative same-run correlation bound; no independent-repeat averaging gain."", ""u_selection is range sensitivity; its quadrature contribution is a reporting convention and can double-count noise."", ""Linear fit diagnostics do not establish terminal motion; inspect residuals and subrange stability."", ""Selected ranges share tracked points.""]",ols,iid,one_frame,"u_fit=mean(range u_fit); u_selection=sample SD of chosen velocities; u_calibration=abs(velocity)*hypot(scale_rel_unc,fps_unc); u_total=sqrt(u_fit^2+u_selection^2+u_calibration^2)",0.01,0.01,0.0,0.0,1.6040069974551054,Saved u_total and saved u_calibration,1/(1-2.104*(d/W)+2.089*(d/W)^3),99.23,1.0712511205463944,0.000242719913523179,94.03359108242846,1.7182942933880392,0.0,0.021305765434494632,1.7184263773378976,99.33,1.0711744360598805,0.00024244205842278592,94.02685977778017,1.7181712909350748,0.0,0.021281375529654013,1.718303082095221,99.43,1.0710979163065033,0.00024216483517764244,94.02014293327863,1.7180485527152143,0.0,0.021257041088576307,1.7181800520558617
water,13,1,2.33,70.0,30.0,20.0,0.0,0.0,accepted,9,9,78.59408246709829,"[""S001"", ""S002"", ""S003"", ""S004"", ""S005"", ""S006"", ""S007"", ""S008"", ""S009""]",78.59408246709829,0.05428830677472529,0.14101954881925485,0.0,0.15110834987403207,True,"[""u_fit uses a conservative same-run correlation bound; no independent-repeat averaging gain."", ""u_selection is range sensitivity; its quadrature contribution is a reporting convention and can double-count noise."", ""Linear fit diagnostics do not establish terminal motion; inspect residuals and subrange stability."", ""Selected ranges share tracked points.""]",ols,iid,one_frame,"u_fit=mean(range u_fit); u_selection=sample SD of chosen velocities; u_calibration=abs(velocity)*hypot(scale_rel_unc,fps_unc); u_total=sqrt(u_fit^2+u_selection^2+u_calibration^2)",0.01,0.01,0.0,0.0,0.15110834987403207,Saved u_total and saved u_calibration,1/(1-2.104*(d/W)+2.089*(d/W)^3),99.23,1.0519412434890487,0.00023431041499545803,82.67635684132021,0.15895710546806754,0.0,0.01841541207905305,0.16002027615532877,99.33,1.0518862988376245,0.0002340507175715424,82.67203851685505,0.1589488028724564,0.0,0.018395001398301334,0.16000968099159038,99.43,1.0518314702463383,0.0002337915933108851,82.66772931402996,0.15894051781450125,0.0,0.01837463576479001,0.15999911075574916
water,14,1,2.33,50.0,50.0,20.0,0.0,0.0,accepted,8,8,74.89072695644903,"[""S001"", ""S002"", ""S003"", ""S004"", ""S005"", ""S006"", ""S007"", ""S008""]",74.89072695644903,0.04528865421374522,0.202109186913564,0.0,0.2071211858679699,True,"[""u_fit uses a conservative same-run correlation bound; no independent-repeat averaging gain."", ""u_selection is range sensitivity; its quadrature contribution is a reporting convention and can double-count noise."", ""Linear fit diagnostics do not establish terminal motion; inspect residuals and subrange stability."", ""Selected ranges share tracked points.""]",ols,iid,one_frame,"u_fit=mean(range u_fit); u_selection=sample SD of chosen velocities; u_calibration=abs(velocity)*hypot(scale_rel_unc,fps_unc); u_total=sqrt(u_fit^2+u_selection^2+u_calibration^2)",0.01,0.01,0.0,0.0,0.2071211858679699,Saved u_total and saved u_calibration,1/(1-2.104*(d/W)+2.089*(d/W)^3),99.23,1.0519412434890487,0.00023431041499545803,78.78064444036582,0.21787931781487865,0.0,0.017547677312477108,0.21858480759316215,99.33,1.0518862988376245,0.0002340507175715424,78.77652959547828,0.21786793761351855,0.0,0.01752822838361135,0.21857190357005185,99.43,1.0518314702463383,0.0002337915933108851,78.77242344241886,0.21785658145067188,0.0,0.017508822379358673,0.2185590285082846
water,15,1,2.31,28.0,70.0,20.0,0.0,0.0,accepted,9,9,73.51287144726281,"[""S001"", ""S002"", ""S003"", ""S004"", ""S005"", ""S006"", ""S007"", ""S008"", ""S009""]",73.51287144726281,0.04894671965206548,0.178658679154152,0.0,0.1852422872937066,True,"[""u_fit uses a conservative same-run correlation bound; no independent-repeat averaging gain."", ""u_selection is range sensitivity; its quadrature contribution is a reporting convention and can double-count noise."", ""Linear fit diagnostics do not establish terminal motion; inspect residuals and subrange stability."", ""Selected ranges share tracked points.""]",ols,iid,one_frame,"u_fit=mean(range u_fit); u_selection=sample SD of chosen velocities; u_calibration=abs(velocity)*hypot(scale_rel_unc,fps_unc); u_total=sqrt(u_fit^2+u_selection^2+u_calibration^2)",0.01,0.01,0.0,0.0,0.1852422872937066,Saved u_total and saved u_calibration,1/(1-2.104*(d/W)+2.089*(d/W)^3),99.23,1.0514729537562593,0.00023410732678428526,77.2967960797576,0.19477725498127924,0.0,0.017209901818755508,0.1955360830605274,99.33,1.0514185276667931,0.00023384806320228243,77.2927950616393,0.19476717296797807,0.0,0.017190842608380778,0.19552436353438005,99.43,1.051364216494183,0.0002335893713957754,77.28880249138906,0.19475711224213818,0.0,0.017171825430864568,0.1955126705805148
water,16,5,6.32,20.0,78.0,20.0,0.0,0.0,accepted,4,4,144.87213942036703,"[""S001"", ""S002"", ""S003"", ""S004""]",144.87213942036703,1.5306234016830649,3.6288735571398716,0.0,3.938468140215028,True,"[""u_fit uses a conservative same-run correlation bound; no independent-repeat averaging gain."", ""u_selection is range sensitivity; its quadrature contribution is a reporting convention and can double-count noise."", ""Linear fit diagnostics do not establish terminal motion; inspect residuals and subrange stability."", ""Selected ranges share tracked points.""]",ols,iid,one_frame,"u_fit=mean(range u_fit); u_selection=sample SD of chosen velocities; u_calibration=abs(velocity)*hypot(scale_rel_unc,fps_unc); u_total=sqrt(u_fit^2+u_selection^2+u_calibration^2)",0.01,0.01,0.0,0.0,3.938468140215028,Saved u_total and saved u_calibration,1/(1-2.104*(d/W)+2.089*(d/W)^3),99.23,1.1540213769923733,0.0002795311005106295,167.18554582172305,4.545076426411538,0.0,0.04049626856550455,4.545256832093166,99.33,1.1538439064565436,0.000279169538280899,167.1598352855133,4.544377464360346,0.0,0.04044388827174989,4.544557431333078,99.43,1.1536668429572887,0.0002788088923931939,167.13418371756302,4.543680105409735,0.0,0.0403916407304249,4.543859635259118
water,17,5,6.33,50.0,50.0,20.0,0.0,0.0,accepted,7,7,152.63900782667807,"[""S001"", ""S002"", ""S003"", ""S004"", ""S005"", ""S006"", ""S007""]",152.63900782667807,0.3242325999583627,3.0907898959965276,0.0,3.1077498226321216,True,"[""u_fit uses a conservative same-run correlation bound; no independent-repeat averaging gain."", ""u_selection is range sensitivity; its quadrature contribution is a reporting convention and can double-count noise."", ""Linear fit diagnostics do not establish terminal motion; inspect residuals and subrange stability."", ""Selected ranges share tracked points.""]",ols,iid,one_frame,"u_fit=mean(range u_fit); u_selection=sample SD of chosen velocities; u_calibration=abs(velocity)*hypot(scale_rel_unc,fps_unc); u_total=sqrt(u_fit^2+u_selection^2+u_calibration^2)",0.01,0.01,0.0,0.0,3.1077498226321216,Saved u_total and saved u_calibration,1/(1-2.104*(d/W)+2.089*(d/W)^3),99.23,1.1543004049050796,0.00027965724747221313,176.1912685386441,3.5872768786079474,0.0,0.042686604785698384,3.5875308430762387,99.33,1.1541225745252068,0.00027929538713861315,176.16412468589888,3.586724226276439,0.0,0.042631370783405856,3.5869775729899946,99.43,1.1539451520905837,0.00027893444419719264,176.1370431015118,3.5861728417367082,0.0,0.04257627681094538,3.586425572928709
water,18,5,6.33,28.0,70.0,20.0,0.0,0.0,accepted,4,4,145.24294978705495,"[""S001"", ""S002"", ""S003"", ""S004""]",145.24294978705495,0.28145529163800553,1.2892827303062961,0.0,1.3196465586880042,True,"[""u_fit uses a conservative same-run correlation bound; no independent-repeat averaging gain."", ""u_selection is range sensitivity; its quadrature contribution is a reporting convention and can double-count noise."", ""Linear fit diagnostics do not establish terminal motion; inspect residuals and subrange stability."", ""Selected ranges share tracked points.""]",ols,iid,one_frame,"u_fit=mean(range u_fit); u_selection=sample SD of chosen velocities; u_calibration=abs(velocity)*hypot(scale_rel_unc,fps_unc); u_total=sqrt(u_fit^2+u_selection^2+u_calibration^2)",0.01,0.01,0.0,0.0,1.3196465586880042,Saved u_total and saved u_calibration,1/(1-2.104*(d/W)+2.089*(d/W)^3),99.23,1.1543004049050796,0.00027965724747221313,167.65399574880567,1.523268557025158,0.0,0.04061824355219265,1.5238100073600949,99.33,1.1541225745252068,0.00027929538713861315,167.6281671398712,1.5230338837763289,0.0,0.04056568588992966,1.5235740172379313,99.43,1.1539451520905837,0.00027893444419719264,167.60239778210814,1.5227997488710443,0.0,0.04051326147241293,1.5233385702189937
water,19,4,4.73,70.0,28.0,20.0,0.0,0.0,accepted,8,8,123.57170148270887,"[""S001"", ""S002"", ""S003"", ""S004"", ""S005"", ""S006"", ""S007"", ""S008""]",123.57170148270887,0.3727725567721124,2.0641003474893176,0.0,2.0974912690135183,True,"[""u_fit uses a conservative same-run correlation bound; no independent-repeat averaging gain."", ""u_selection is range sensitivity; its quadrature contribution is a reporting convention and can double-count noise."", ""Linear fit diagnostics do not establish terminal motion; inspect residuals and subrange stability."", ""Selected ranges share tracked points.""]",ols,iid,one_frame,"u_fit=mean(range u_fit); u_selection=sample SD of chosen velocities; u_calibration=abs(velocity)*hypot(scale_rel_unc,fps_unc); u_total=sqrt(u_fit^2+u_selection^2+u_calibration^2)",0.01,0.01,0.0,0.0,2.0974912690135183,Saved u_total and saved u_calibration,1/(1-2.104*(d/W)+2.089*(d/W)^3),99.23,1.1111916007432054,0.0002603300170161188,137.3118367771328,2.3307146807600287,0.0,0.032169423149704356,2.3309366775818057,99.33,1.111067787612212,0.0002600129511376359,137.29653697787003,2.3304549837987807,0.0,0.03213024277961811,2.3306764648946134,99.43,1.1109442493409416,0.0002596966476871091,137.28127114349093,2.3301958633534023,0.0,0.03209115662405166,2.330416830509679
water,20,4,4.73,50.0,50.0,20.0,0.0,0.0,accepted,8,8,121.57509607227806,"[""S001"", ""S002"", ""S003"", ""S004"", ""S005"", ""S006"", ""S007"", ""S008""]",121.57509607227806,0.1860474989493915,0.8135485926515944,0.0,0.8345507680607057,True,"[""u_fit uses a conservative same-run correlation bound; no independent-repeat averaging gain."", ""u_selection is range sensitivity; its quadrature contribution is a reporting convention and can double-count noise."", ""Linear fit diagnostics do not establish terminal motion; inspect residuals and subrange stability."", ""Selected ranges share tracked points.""]",ols,iid,one_frame,"u_fit=mean(range u_fit); u_selection=sample SD of chosen velocities; u_calibration=abs(velocity)*hypot(scale_rel_unc,fps_unc); u_total=sqrt(u_fit^2+u_selection^2+u_calibration^2)",0.01,0.01,0.0,0.0,0.8345507680607057,Saved u_total and saved u_calibration,1/(1-2.104*(d/W)+2.089*(d/W)^3),99.23,1.1111916007432054,0.0002603300170161188,135.09322561506363,0.9273458038628472,0.0,0.03164964682923242,0.9278857365465024,99.33,1.111067787612212,0.0002600129511376359,135.0781730217681,0.9272424755192805,0.0,0.03161109951459462,0.9277811541627935,99.43,1.1109442493409416,0.0002596966476871091,135.0631538445698,0.9271393765601069,0.0,0.03157264489220884,0.9276768055059657
water,21,4,4.74,28.0,70.0,20.0,0.0,0.0,accepted,6,6,116.38669696919862,"[""S001"", ""S002"", ""S003"", ""S004"", ""S005"", ""S006""]",116.38669696919862,0.3282328842352277,2.853471272166745,0.0,2.8722874381534798,True,"[""u_fit uses a conservative same-run correlation bound; no independent-repeat averaging gain."", ""u_selection is range sensitivity; its quadrature contribution is a reporting convention and can double-count noise."", ""Linear fit diagnostics do not establish terminal motion; inspect residuals and subrange stability."", ""Selected ranges share tracked points.""]",ols,iid,one_frame,"u_fit=mean(range u_fit); u_selection=sample SD of chosen velocities; u_calibration=abs(velocity)*hypot(scale_rel_unc,fps_unc); u_total=sqrt(u_fit^2+u_selection^2+u_calibration^2)",0.01,0.01,0.0,0.0,2.8722874381534798,Saved u_total and saved u_calibration,1/(1-2.104*(d/W)+2.089*(d/W)^3),99.23,1.1114516926250138,0.00026044563754364195,129.35819134545036,3.1924087348412495,0.0,0.030312407493741596,3.192552642062269,99.33,1.1113275632512003,0.00026012830906357176,129.34374433763537,3.1920521996001394,0.0,0.03027547468009197,3.1921957724016856,99.43,1.1112037094958866,0.00025981174390257835,129.32932940814717,3.1916964560145837,0.0,0.030238630706628425,3.1918396955553807
water,22,3,3.94,70.0,28.0,20.0,0.0,0.0,accepted,6,6,116.7595926426266,"[""S001"", ""S002"", ""S003"", ""S004"", ""S005"", ""S006""]",116.7595926426266,0.20190704826953443,0.43320295761658306,0.0,0.47794482801749316,True,"[""u_fit uses a conservative same-run correlation bound; no independent-repeat averaging gain."", ""u_selection is range sensitivity; its quadrature contribution is a reporting convention and can double-count noise."", ""Linear fit diagnostics do not establish terminal motion; inspect residuals and subrange stability."", ""Selected ranges share tracked points.""]",ols,iid,one_frame,"u_fit=mean(range u_fit); u_selection=sample SD of chosen velocities; u_calibration=abs(velocity)*hypot(scale_rel_unc,fps_unc); u_total=sqrt(u_fit^2+u_selection^2+u_calibration^2)",0.01,0.01,0.0,0.0,0.47794482801749316,Saved u_total and saved u_calibration,1/(1-2.104*(d/W)+2.089*(d/W)^3),99.23,1.0910004544609078,0.0002513914284057782,127.38476863577608,0.5214380245743254,0.0,0.029352360774506692,0.5222635106486108,99.33,1.0909008252753571,0.00025109446235149047,127.37313597265587,0.5213904073203719,0.0,0.029317687138979368,0.5222140209003224,99.43,1.0908014136876485,0.00025079819116280243,127.36152871617105,0.5213428940661816,0.0,0.029283094635676406,0.5221646414922633
water,23,3,3.93,50.0,50.0,20.0,0.0,0.0,accepted,8,8,109.66249742630143,"[""S001"", ""S002"", ""S003"", ""S004"", ""S005"", ""S006"", ""S007"", ""S008""]",109.66249742630143,0.12387231156042226,0.4230980002798859,0.0,0.4408585571497515,True,"[""u_fit uses a conservative same-run correlation bound; no independent-repeat averaging gain."", ""u_selection is range sensitivity; its quadrature contribution is a reporting convention and can double-count noise."", ""Linear fit diagnostics do not establish terminal motion; inspect residuals and subrange stability."", ""Selected ranges share tracked points.""]",ols,iid,one_frame,"u_fit=mean(range u_fit); u_selection=sample SD of chosen velocities; u_calibration=abs(velocity)*hypot(scale_rel_unc,fps_unc); u_total=sqrt(u_fit^2+u_selection^2+u_calibration^2)",0.01,0.01,0.0,0.0,0.4408585571497515,Saved u_total and saved u_calibration,1/(1-2.104*(d/W)+2.089*(d/W)^3),99.23,1.0907493157812589,0.00025128071324612383,119.61429403460235,0.4808661695674044,0.0,0.027556070569632243,0.48165507374018834,99.33,1.0906499828091032,0.0002509839936285394,119.60340093279898,0.48082237777662246,0.0,0.027523531555332555,0.48160949301279604,99.43,1.0905508667430066,0.00025068796805626013,119.59253161745575,0.4807786816107328,0.0,0.02749106865177436,0.48156401396592224
water,24,2,3.14,28.0,70.0,20.0,0.0,0.0,accepted,4,4,90.79334593837554,"[""S001"", ""S002"", ""S003"", ""S004""]",90.79334593837554,0.43026032335782716,1.2518828578232042,0.0,1.323757770729817,True,"[""u_fit uses a conservative same-run correlation bound; no independent-repeat averaging gain."", ""u_selection is range sensitivity; its quadrature contribution is a reporting convention and can double-count noise."", ""Linear fit diagnostics do not establish terminal motion; inspect residuals and subrange stability."", ""Selected ranges share tracked points.""]",ols,iid,one_frame,"u_fit=mean(range u_fit); u_selection=sample SD of chosen velocities; u_calibration=abs(velocity)*hypot(scale_rel_unc,fps_unc); u_total=sqrt(u_fit^2+u_selection^2+u_calibration^2)",0.01,0.01,0.0,0.0,1.323757770729817,Saved u_total and saved u_calibration,1/(1-2.104*(d/W)+2.089*(d/W)^3),99.23,1.0712511205463944,0.000242719913523179,97.26247357464122,1.4180769952263135,0.0,0.022037353074642586,1.4182482185148784,99.33,1.0711744360598805,0.00024244205842278592,97.25551113352905,1.4179754835413962,0.0,0.022012125680391854,1.4181463272883466,99.43,1.0710979163065033,0.00024216483517764244,97.24856364908956,1.4178741899232488,0.0,0.021986955654393382,1.4180446553862318
water,25,2,3.14,70.0,28.0,20.0,0.0,0.0,accepted,8,8,95.90197608275969,"[""S001"", ""S002"", ""S003"", ""S004"", ""S005"", ""S006"", ""S007"", ""S008""]",95.90197608275969,0.050309043867673486,0.11904287819060215,0.0,0.1292370176953261,True,"[""u_fit uses a conservative same-run correlation bound; no independent-repeat averaging gain."", ""u_selection is range sensitivity; its quadrature contribution is a reporting convention and can double-count noise."", ""Linear fit diagnostics do not establish terminal motion; inspect residuals and subrange stability."", ""Selected ranges share tracked points.""]",ols,iid,one_frame,"u_fit=mean(range u_fit); u_selection=sample SD of chosen velocities; u_calibration=abs(velocity)*hypot(scale_rel_unc,fps_unc); u_total=sqrt(u_fit^2+u_selection^2+u_calibration^2)",0.01,0.01,0.0,0.0,0.1292370176953261,Saved u_total and saved u_calibration,1/(1-2.104*(d/W)+2.089*(d/W)^3),99.23,1.0712511205463944,0.000242719913523179,102.73509934126983,0.1384453000221923,0.0,0.023277319341509412,0.14038851339750502,99.33,1.0711744360598805,0.00024244205842278592,102.72774514747826,0.13843538954785176,0.0,0.023250672488317043,0.14037432404262698,99.43,1.0710979163065033,0.00024216483517764244,102.72040675192002,0.1384255003631305,0.0,0.023224086231291706,0.14036017003431392
water,26,1,2.34,50.0,50.0,20.0,0.0,0.0,accepted,8,8,75.6254534448242,"[""S001"", ""S002"", ""S003"", ""S004"", ""S005"", ""S006"", ""S007"", ""S008""]",75.6254534448242,0.06531072359171312,0.04997834523843401,0.0,0.08223944071335391,True,"[""u_fit uses a conservative same-run correlation bound; no independent-repeat averaging gain."", ""u_selection is range sensitivity; its quadrature contribution is a reporting convention and can double-count noise."", ""Linear fit diagnostics do not establish terminal motion; inspect residuals and subrange stability."", ""Selected ranges share tracked points.""]",ols,iid,one_frame,"u_fit=mean(range u_fit); u_selection=sample SD of chosen velocities; u_calibration=abs(velocity)*hypot(scale_rel_unc,fps_unc); u_total=sqrt(u_fit^2+u_selection^2+u_calibration^2)",0.01,0.01,0.0,0.0,0.08223944071335391,Saved u_total and saved u_calibration,1/(1-2.104*(d/W)+2.089*(d/W)^3),99.23,1.0521755398539798,0.00023441204000410854,79.57125230500992,0.08653032792986252,0.0,0.01772751681823698,0.08832758631475458,99.33,1.0521203355987836,0.00023415212540309812,79.56707745817863,0.08652578796279019,0.0,0.017707860658678635,0.08831919560145975,99.43,1.0520652479763966,0.00023389278466030676,79.5629114317564,0.08652125758753484,0.0,0.017688247897408322,0.08831082678929422
water,27,1,2.35,28.0,70.0,20.0,0.0,0.0,accepted,7,7,73.46065155161364,"[""S001"", ""S002"", ""S003"", ""S004"", ""S005"", ""S006"", ""S007""]",73.46065155161364,0.15355896296847527,0.3243401190042913,0.0,0.3588549399181672,True,"[""u_fit uses a conservative same-run correlation bound; no independent-repeat averaging gain."", ""u_selection is range sensitivity; its quadrature contribution is a reporting convention and can double-count noise."", ""Linear fit diagnostics do not establish terminal motion; inspect residuals and subrange stability."", ""Selected ranges share tracked points.""]",ols,iid,one_frame,"u_fit=mean(range u_fit); u_selection=sample SD of chosen velocities; u_calibration=abs(velocity)*hypot(scale_rel_unc,fps_unc); u_total=sqrt(u_fit^2+u_selection^2+u_calibration^2)",0.01,0.01,0.0,0.0,0.3588549399181672,Saved u_total and saved u_calibration,1/(1-2.104*(d/W)+2.089*(d/W)^3),99.23,1.0524099372860491,0.0002345137189939768,77.31071969242602,0.37766250481406727,0.0,0.017227530595089566,0.3780552279136477,99.33,1.052354473211671,0.00023425358704492127,77.30664526538449,0.3776426012569887,0.0,0.017208421132622557,0.37803447467396756,99.43,1.0522991263434605,0.00023399402964976654,77.3025794483844,0.37762273975992233,0.0,0.01718935387725945,0.3780137662447066
glyco,16,5,6.33,70.0,28.0,20.0,0.0,0.0,accepted,8,8,17.819454413231504,"[""S001"", ""S002"", ""S003"", ""S004"", ""S005"", ""S006"", ""S007"", ""S008""]",17.819454413231504,0.08953184132707225,0.39625824484197697,0.0,0.4062469042548635,True,"[""u_fit uses a conservative same-run correlation bound; no independent-repeat averaging gain."", ""u_selection is range sensitivity; its quadrature contribution is a reporting convention and can double-count noise."", ""Linear fit diagnostics do not establish terminal motion; inspect residuals and subrange stability."", ""Selected ranges share tracked points.""]",ols,iid,one_frame,"u_fit=mean(range u_fit); u_selection=sample SD of chosen velocities; u_calibration=abs(velocity)*hypot(scale_rel_unc,fps_unc); u_total=sqrt(u_fit^2+u_selection^2+u_calibration^2)",0.01,0.01,0.0,0.0,0.4062469042548635,Saved u_total and saved u_calibration,1/(1-2.104*(d/W)+2.089*(d/W)^3),98.15,1.1562473533125437,0.0002836247444562161,20.603697002772453,0.46972190783610024,0.0,0.0050540382043019775,0.4697490968627363,98.88,1.1549260441317577,0.0002809310330502725,20.58015199405965,0.4691851300718424,0.0,0.005006037736701364,0.4692118356290184,99.25,1.1542648061261858,0.00027958480184882035,20.568369093563067,0.46891650417910313,0.0,0.004982048631177418,0.4689429695603872
glyco,17,5,6.32,50.0,50.0,20.0,0.0,0.0,accepted,11,11,17.551591820851485,"[""S001"", ""S002"", ""S003"", ""S004"", ""S005"", ""S006"", ""S007"", ""S008"", ""S009"", ""S010"", ""S011""]",17.551591820851485,0.05476420748202834,0.4074276799585852,0.0,0.4110917571754145,True,"[""u_fit uses a conservative same-run correlation bound; no independent-repeat averaging gain."", ""u_selection is range sensitivity; its quadrature contribution is a reporting convention and can double-count noise."", ""Linear fit diagnostics do not establish terminal motion; inspect residuals and subrange stability."", ""Selected ranges share tracked points.""]",ols,iid,one_frame,"u_fit=mean(range u_fit); u_selection=sample SD of chosen velocities; u_calibration=abs(velocity)*hypot(scale_rel_unc,fps_unc); u_total=sqrt(u_fit^2+u_selection^2+u_calibration^2)",0.01,0.01,0.0,0.0,0.4110917571754145,Saved u_total and saved u_calibration,1/(1-2.104*(d/W)+2.089*(d/W)^3),98.15,1.1559643802474449,0.0002834953096965718,20.28901496154671,0.47520742830811113,0.0,0.004975793958920108,0.4752334778240378,98.88,1.1546457495598337,0.00028080383438371115,20.26587089395531,0.47466535010167565,0.0,0.0049285542828328794,0.4746909365413091,99.25,1.153985850255145,0.00027945871459225923,20.25428861071655,0.47439407093695235,0.0,0.0049049452893031665,0.4744194273303163
glyco,18,4,4.71,28.0,70.0,20.0,0.0,0.0,accepted,11,11,9.985710890798222,"[""S001"", ""S002"", ""S003"", ""S004"", ""S005"", ""S006"", ""S007"", ""S008"", ""S009"", ""S010"", ""S011""]",9.985710890798222,0.015153276857932794,0.3314724533901656,0.0,0.3318186389521069,True,"[""u_fit uses a conservative same-run correlation bound; no independent-repeat averaging gain."", ""u_selection is range sensitivity; its quadrature contribution is a reporting convention and can double-count noise."", ""Linear fit diagnostics do not establish terminal motion; inspect residuals and subrange stability."", ""Selected ranges share tracked points.""]",ols,iid,one_frame,"u_fit=mean(range u_fit); u_selection=sample SD of chosen velocities; u_calibration=abs(velocity)*hypot(scale_rel_unc,fps_unc); u_total=sqrt(u_fit^2+u_selection^2+u_calibration^2)",0.01,0.01,0.0,0.0,0.3318186389521069,Saved u_total and saved u_calibration,1/(1-2.104*(d/W)+2.089*(d/W)^3),98.15,1.11201978684973,0.00026356682874708736,11.104308096328465,0.3689888921602894,0.0,0.00263190215227294,0.3689982783789334,98.88,1.1111050603034007,0.00026121288867753486,11.095173901492684,0.36868536884267306,0.0,0.0026083963872841234,0.3686945957433755,99.25,1.1106471013605663,0.0002600355953102945,11.090600855889685,0.3685334095295658,0.0,0.0025966402760852067,0.36854255721722295
glyco,19,4,4.72,70.0,28.0,20.0,0.0,0.0,accepted,12,12,10.80970140324934,"[""S001"", ""S002"", ""S003"", ""S004"", ""S005"", ""S006"", ""S007"", ""S008"", ""S009"", ""S010"", ""S011"", ""S012""]",10.80970140324934,0.03147230325557591,0.6372232415680553,0.0,0.6379999729362934,True,"[""u_fit uses a conservative same-run correlation bound; no independent-repeat averaging gain."", ""u_selection is range sensitivity; its quadrature contribution is a reporting convention and can double-count noise."", ""Linear fit diagnostics do not establish terminal motion; inspect residuals and subrange stability."", ""Selected ranges share tracked points.""]",ols,iid,one_frame,"u_fit=mean(range u_fit); u_selection=sample SD of chosen velocities; u_calibration=abs(velocity)*hypot(scale_rel_unc,fps_unc); u_total=sqrt(u_fit^2+u_selection^2+u_calibration^2)",0.01,0.01,0.0,0.0,0.6379999729362934,Saved u_total and saved u_calibration,1/(1-2.104*(d/W)+2.089*(d/W)^3),98.15,1.1122831092031662,0.00026368521292487483,12.023448286364005,0.7096365935691163,0.0,0.0028503584161701204,0.7096423179852508,98.88,1.111366034866819,0.000261329308196545,12.01353498662351,0.7090515001673463,0.0,0.0028248917895223715,0.7090571273904429,99.25,1.110906901671921,0.0002601510376150167,12.008571893882342,0.7087585732014272,0.0,0.002812155036363818,0.7087641521003101
glyco,20,3,3.15,50.0,50.0,20.0,0.0,0.0,accepted,11,11,4.478873084337877,"[""S001"", ""S002"", ""S003"", ""S004"", ""S005"", ""S006"", ""S007"", ""S008"", ""S009"", ""S010"", ""S011""]",4.478873084337877,0.0033194897325574163,0.20432428042631579,0.0,0.20435124316679917,True,"[""u_fit uses a conservative same-run correlation bound; no independent-repeat averaging gain."", ""u_selection is range sensitivity; its quadrature contribution is a reporting convention and can double-count noise."", ""Linear fit diagnostics do not establish terminal motion; inspect residuals and subrange stability."", ""Selected ranges share tracked points.""]",ols,iid,one_frame,"u_fit=mean(range u_fit); u_selection=sample SD of chosen velocities; u_calibration=abs(velocity)*hypot(scale_rel_unc,fps_unc); u_total=sqrt(u_fit^2+u_selection^2+u_calibration^2)",0.01,0.01,0.0,0.0,0.20435124316679917,Saved u_total and saved u_calibration,1/(1-2.104*(d/W)+2.089*(d/W)^3),98.15,1.0723356458201356,0.0002458702622362172,4.8028552614398805,0.21913312231541718,0.0,0.0011012216997688888,0.21913588931285452,98.88,1.071764448896938,0.00024380434056155625,4.800296942914714,0.21901639751406868,0.0,0.0010919686987858996,0.2190191196578045,99.25,1.0714783659987384,0.00024277035641163082,4.799015613922078,0.21895793611817282,0.0,0.0010873376150071668,0.21896063594221418
glyco,21,3,3.14,28.0,70.0,20.0,0.0,0.0,accepted,11,11,4.480202974926739,"[""S001"", ""S002"", ""S003"", ""S004"", ""S005"", ""S006"", ""S007"", ""S008"", ""S009"", ""S010"", ""S011""]",4.480202974926739,0.004012604190406667,0.1567524141103178,0.0,0.15680376373608326,True,"[""u_fit uses a conservative same-run correlation bound; no independent-repeat averaging gain."", ""u_selection is range sensitivity; its quadrature contribution is a reporting convention and can double-count noise."", ""Linear fit diagnostics do not establish terminal motion; inspect residuals and subrange stability."", ""Selected ranges share tracked points.""]",ols,iid,one_frame,"u_fit=mean(range u_fit); u_selection=sample SD of chosen velocities; u_calibration=abs(velocity)*hypot(scale_rel_unc,fps_unc); u_total=sqrt(u_fit^2+u_selection^2+u_calibration^2)",0.01,0.01,0.0,0.0,0.15680376373608326,Saved u_total and saved u_calibration,1/(1-2.104*(d/W)+2.089*(d/W)^3),98.15,1.0720899559905224,0.00024576160204918166,4.803180610217814,0.16810774016296579,0.0,0.001101061860623505,0.1681113459583265,98.88,1.0715208212250245,0.0002436974133923677,4.800630770948296,0.16801849768966265,0.0,0.001091813876462437,0.16802204505192767,99.25,1.0712357704449347,0.00024266429185152384,4.799353685595333,0.16797380065448866,0.0,0.0010871852822616874,0.16797731893964693
glyco,22,2,2.33,70.0,28.0,10.0,0.0,0.0,accepted,12,12,2.7344571107679614,"[""S001"", ""S002"", ""S003"", ""S004"", ""S005"", ""S006"", ""S007"", ""S008"", ""S009"", ""S010"", ""S011"", ""S012""]",2.7344571107679614,0.002140570055922913,0.09865663338544955,0.0,0.0986798528125945,True,"[""u_fit uses a conservative same-run correlation bound; no independent-repeat averaging gain."", ""u_selection is range sensitivity; its quadrature contribution is a reporting convention and can double-count noise."", ""Linear fit diagnostics do not establish terminal motion; inspect residuals and subrange stability."", ""Selected ranges share tracked points.""]",ols,iid,one_frame,"u_fit=mean(range u_fit); u_selection=sample SD of chosen velocities; u_calibration=abs(velocity)*hypot(scale_rel_unc,fps_unc); u_total=sqrt(u_fit^2+u_selection^2+u_calibration^2)",0.01,0.01,0.0,0.0,0.0986798528125945,Saved u_total and saved u_calibration,1/(1-2.104*(d/W)+2.089*(d/W)^3),98.15,1.0525421423708945,0.00023715219083062948,2.8781313455890363,0.10386470368821275,0.0,0.0006484824945510153,0.10386672807875473,98.88,1.0521344690800924,0.00023522389712061115,2.8770165804601326,0.10382447454788078,0.0,0.0006432096581040066,0.10382646692345754,99.25,1.0519302452562769,0.00023425842956662123,2.876458139172912,0.10380432177100583,0.0,0.0006405696284857831,0.10380629820867063
glyco,23,2,2.32,50.0,50.0,10.0,0.0,0.0,accepted,13,13,2.644001264265243,"[""S001"", ""S002"", ""S003"", ""S004"", ""S005"", ""S006"", ""S007"", ""S008"", ""S009"", ""S010"", ""S011"", ""S012"", ""S013""]",2.644001264265243,0.0019495312915476673,0.06022295244782847,0.0,0.06025449919956295,True,"[""u_fit uses a conservative same-run correlation bound; no independent-repeat averaging gain."", ""u_selection is range sensitivity; its quadrature contribution is a reporting convention and can double-count noise."", ""Linear fit diagnostics do not establish terminal motion; inspect residuals and subrange stability."", ""Selected ranges share tracked points.""]",ols,iid,one_frame,"u_fit=mean(range u_fit); u_selection=sample SD of chosen velocities; u_calibration=abs(velocity)*hypot(scale_rel_unc,fps_unc); u_total=sqrt(u_fit^2+u_selection^2+u_calibration^2)",0.01,0.01,0.0,0.0,0.06025449919956295,Saved u_total and saved u_calibration,1/(1-2.104*(d/W)+2.089*(d/W)^3),98.15,1.0523051086590465,0.0002370482310451356,2.7822960376872925,0.06340611732739253,0.0,0.0006267558225751779,0.06340921492493184,98.88,1.0518993613396053,0.000235121561026584,2.781223241261718,0.06338166922585803,0.0,0.0006216617046103056,0.06338471785163248,99.25,1.051696101830945,0.00023415690196174088,2.780685822863846,0.06336942192595615,0.0,0.0006191111448232754,0.06337244617212986
glyco,24,1,1.53,28.0,70.0,5.0,0.0,0.0,accepted,12,12,1.1974663993043813,"[""S001"", ""S002"", ""S003"", ""S004"", ""S005"", ""S006"", ""S007"", ""S008"", ""S009"", ""S010"", ""S011"", ""S012""]",1.1974663993043813,0.0006811108154379514,0.04038365007983025,0.0,0.04038939348038146,True,"[""u_fit uses a conservative same-run correlation bound; no independent-repeat averaging gain."", ""u_selection is range sensitivity; its quadrature contribution is a reporting convention and can double-count noise."", ""Linear fit diagnostics do not establish terminal motion; inspect residuals and subrange stability."", ""Selected ranges share tracked points.""]",ols,iid,one_frame,"u_fit=mean(range u_fit); u_selection=sample SD of chosen velocities; u_calibration=abs(velocity)*hypot(scale_rel_unc,fps_unc); u_total=sqrt(u_fit^2+u_selection^2+u_calibration^2)",0.01,0.01,0.0,0.0,0.04038939348038146,Saved u_total and saved u_calibration,1/(1-2.104*(d/W)+2.089*(d/W)^3),98.15,1.0339016872878715,0.0002290088285126101,1.2380625307113318,0.041758662067900146,0.0,0.00027423037728790977,0.04175956249771913,98.88,1.0336431048753967,0.00022720645127836063,1.2377528869609422,0.0417482180810956,0.0,0.00027207209111102486,0.04174910461518282,99.25,1.0335135427606563,0.00022630369258286255,1.2375977406819179,0.0417429851458632,0.0,0.00027099106790648604,0.04174386475934686
glyco,25,1,1.52,70.0,28.0,5.0,0.0,0.0,accepted,12,12,1.238053289261796,"[""S001"", ""S002"", ""S003"", ""S004"", ""S005"", ""S006"", ""S007"", ""S008"", ""S009"", ""S010"", ""S011"", ""S012""]",1.238053289261796,0.0007336771297273996,0.007160602633892668,0.0,0.007198090872668644,True,"[""u_fit uses a conservative same-run correlation bound; no independent-repeat averaging gain."", ""u_selection is range sensitivity; its quadrature contribution is a reporting convention and can double-count noise."", ""Linear fit diagnostics do not establish terminal motion; inspect residuals and subrange stability."", ""Selected ranges share tracked points.""]",ols,iid,one_frame,"u_fit=mean(range u_fit); u_selection=sample SD of chosen velocities; u_calibration=abs(velocity)*hypot(scale_rel_unc,fps_unc); u_total=sqrt(u_fit^2+u_selection^2+u_calibration^2)",0.01,0.01,0.0,0.0,0.007198090872668644,Saved u_total and saved u_calibration,1/(1-2.104*(d/W)+2.089*(d/W)^3),98.15,1.0336727558992371,0.00022890922129490445,1.279741955461356,0.007440470429564542,0.0,0.0002834018143665128,0.0074458657523225995,98.88,1.0334159744812002,0.00022710836816130486,1.279424046382134,0.0074386220935830985,0.0,0.0002811722622209824,0.007443934207943073,99.25,1.0332873144380355,0.00022620636863571978,1.2792647583924974,0.007437695986900718,0.0,0.00028005553874141923,0.007442966659762677
