Liquid_type,run_id,group_id,diameter,pos_h,pos_w,fps,fps_unc,scale_rel_unc,status,n_saved,n_chosen,speed,selection_ids,velocity,u_fit,u_selection,u_calibration,u_total,overlap_domain,test,wall_mode,wall_coef,wall_cor_unc,velocity_wall_corrected,u_fit_wall_corrected,u_selection_wall_corrected,u_calibration_wall_corrected,u_wall,velocity_wall_cor_unc,method,uncertainty_model,timing_model,uncertainty_rule
glyco,1,5,6.32,22.5,20.0,20.0,0.0,0.0,accepted,10,10,16.844069082376866,"[""S001"", ""S002"", ""S003"", ""S004"", ""S005"", ""S006"", ""S007"", ""S008"", ""S009"", ""S010""]",16.844069082376866,0.07842063398906672,1.5997151258528555,0.0,1.601636125878055,True,"[""u_fit uses a conservative same-run correlation bound; no independent-repeat averaging gain."", ""u_selection is range sensitivity; its quadrature contribution is a reporting convention and can double-count noise."", ""Linear fit diagnostics do not establish terminal motion; inspect residuals and subrange stability."", ""Wall coefficient is shared by all ranges; its uncertainty is propagated once after averaging, without sqrt(M) reduction."", ""Selected ranges share tracked points.""]",Auto,1.166981091431515,0.000306169424800117,19.656710121899994,0.09151539704331245,1.8668373035472687,0.0,0.005157138942244759,1.8690861889954946,ols,iid,one_frame,
glyco,2,5,6.32,68.0,20.0,20.0,0.0,0.0,accepted,10,10,18.564175882352266,"[""S001"", ""S002"", ""S003"", ""S004"", ""S005"", ""S006"", ""S007"", ""S008"", ""S009"", ""S010""]",18.564175882352266,0.04754729269849859,1.0714278873935175,0.0,1.0724823835044996,True,"[""u_fit uses a conservative same-run correlation bound; no independent-repeat averaging gain."", ""u_selection is range sensitivity; its quadrature contribution is a reporting convention and can double-count noise."", ""Linear fit diagnostics do not establish terminal motion; inspect residuals and subrange stability."", ""Wall coefficient is shared by all ranges; its uncertainty is propagated once after averaging, without sqrt(M) reduction."", ""Selected ranges share tracked points.""]",Auto,1.166981091431515,0.000306169424800117,21.664042232714056,0.05548679152790759,1.2503360854206493,0.0,0.005683783051787997,1.2515795683570718,ols,iid,one_frame,
glyco,3,5,6.32,40.0,48.0,20.0,0.0,0.0,accepted,10,10,18.261286046182825,"[""S001"", ""S002"", ""S003"", ""S004"", ""S005"", ""S006"", ""S007"", ""S008"", ""S009"", ""S010""]",18.261286046182825,0.05025883959631009,1.5045851102484027,0.0,1.5054242939911544,True,"[""u_fit uses a conservative same-run correlation bound; no independent-repeat averaging gain."", ""u_selection is range sensitivity; its quadrature contribution is a reporting convention and can double-count noise."", ""Linear fit diagnostics do not establish terminal motion; inspect residuals and subrange stability."", ""Wall coefficient is shared by all ranges; its uncertainty is propagated once after averaging, without sqrt(M) reduction."", ""Selected ranges share tracked points.""]",Auto,1.166981091431515,0.000306169424800117,21.310575521117528,0.058651115486183396,1.7558223741092873,0.0,0.005591047444870198,1.7568105824425349,ols,iid,one_frame,
glyco,4,4,4.72,32.0,80.0,20.0,0.0,0.0,accepted,11,11,10.196091001117155,"[""S001"", ""S002"", ""S003"", ""S004"", ""S005"", ""S006"", ""S007"", ""S008"", ""S009"", ""S010"", ""S011""]",10.196091001117155,0.016357273714309867,0.710006611070795,0.0,0.7101950071407148,True,"[""u_fit uses a conservative same-run correlation bound; no independent-repeat averaging gain."", ""u_selection is range sensitivity; its quadrature contribution is a reporting convention and can double-count noise."", ""Linear fit diagnostics do not establish terminal motion; inspect residuals and subrange stability."", ""Wall coefficient is shared by all ranges; its uncertainty is propagated once after averaging, without sqrt(M) reduction."", ""Selected ranges share tracked points.""]",Auto,1.1199253167453267,0.00028344281658604175,11.418860443990305,0.018318924945588483,0.795154378794736,0.0,0.0028900087515242407,0.7953706188175351,ols,iid,one_frame,
glyco,5,4,4.72,45.0,55.0,20.0,0.0,0.0,accepted,10,10,10.58487410706051,"[""S001"", ""S002"", ""S003"", ""S004"", ""S005"", ""S006"", ""S007"", ""S008"", ""S009"", ""S010""]",10.58487410706051,0.015325120326992583,0.7816593419419003,0.0,0.7818095587533331,True,"[""u_fit uses a conservative same-run correlation bound; no independent-repeat averaging gain."", ""u_selection is range sensitivity; its quadrature contribution is a reporting convention and can double-count noise."", ""Linear fit diagnostics do not establish terminal motion; inspect residuals and subrange stability."", ""Wall coefficient is shared by all ranges; its uncertainty is propagated once after averaging, without sqrt(M) reduction."", ""Selected ranges share tracked points.""]",Auto,1.1199253167453267,0.00028344281658604175,11.85426848705915,0.017162990236367415,0.8754000861112263,0.0,0.0030002065301138947,0.875573457932925,ols,iid,one_frame,
glyco,6,4,4.71,60.0,70.0,20.0,0.0,0.0,accepted,10,10,10.349921982736532,"[""S001"", ""S002"", ""S003"", ""S004"", ""S005"", ""S006"", ""S007"", ""S008"", ""S009"", ""S010""]",10.349921982736532,0.013791396278364385,0.5779240694184916,0.0,0.5780886027457525,True,"[""u_fit uses a conservative same-run correlation bound; no independent-repeat averaging gain."", ""u_selection is range sensitivity; its quadrature contribution is a reporting convention and can double-count noise."", ""Linear fit diagnostics do not establish terminal motion; inspect residuals and subrange stability."", ""Wall coefficient is shared by all ranges; its uncertainty is propagated once after averaging, without sqrt(M) reduction."", ""Selected ranges share tracked points.""]",Auto,1.1196423090683005,0.0002833073970487191,11.588210547427895,0.015441430774383867,0.6470682395498688,0.0,0.002932209456586405,0.6472590997976188,ols,iid,one_frame,
glyco,7,3,3.12,45.0,20.0,20.0,0.0,0.0,accepted,10,10,4.822749602004321,"[""S001"", ""S002"", ""S003"", ""S004"", ""S005"", ""S006"", ""S007"", ""S008"", ""S009"", ""S010""]",4.822749602004321,0.00505146243775173,0.375988593798063,0.0,0.3760225258398821,True,"[""u_fit uses a conservative same-run correlation bound; no independent-repeat averaging gain."", ""u_selection is range sensitivity; its quadrature contribution is a reporting convention and can double-count noise."", ""Linear fit diagnostics do not establish terminal motion; inspect residuals and subrange stability."", ""Wall coefficient is shared by all ranges; its uncertainty is propagated once after averaging, without sqrt(M) reduction."", ""Selected ranges share tracked points.""]",Auto,1.0762955658928435,0.0002627482284371799,5.190704012048727,0.0054368666230264415,0.40467485633114064,0.0,0.0012671689141227499,0.40471336101290606,ols,iid,one_frame,
glyco,8,3,3.14,60.0,30.0,20.0,0.0,0.0,accepted,10,10,4.982210307107276,"[""S001"", ""S002"", ""S003"", ""S004"", ""S005"", ""S006"", ""S007"", ""S008"", ""S009"", ""S010""]",4.982210307107276,0.0045506021919666665,0.4252930279910163,0.0,0.425317372838304,True,"[""u_fit uses a conservative same-run correlation bound; no independent-repeat averaging gain."", ""u_selection is range sensitivity; its quadrature contribution is a reporting convention and can double-count noise."", ""Linear fit diagnostics do not establish terminal motion; inspect residuals and subrange stability."", ""Wall coefficient is shared by all ranges; its uncertainty is propagated once after averaging, without sqrt(M) reduction."", ""Selected ranges share tracked points.""]",Auto,1.0768210085989038,0.0002629952560485363,5.364948727951111,0.004900184042085929,0.45796446735136803,0.0,0.0013102976754053347,0.45799255675181744,ols,iid,one_frame,
glyco,9,3,3.14,33.0,30.0,20.0,0.0,0.0,accepted,10,10,4.716440583428991,"[""S001"", ""S002"", ""S003"", ""S004"", ""S005"", ""S006"", ""S007"", ""S008"", ""S009"", ""S010""]",4.716440583428991,0.004201579631107494,0.3461969885145566,0.0,0.34622248356792856,True,"[""u_fit uses a conservative same-run correlation bound; no independent-repeat averaging gain."", ""u_selection is range sensitivity; its quadrature contribution is a reporting convention and can double-count noise."", ""Linear fit diagnostics do not establish terminal motion; inspect residuals and subrange stability."", ""Wall coefficient is shared by all ranges; its uncertainty is propagated once after averaging, without sqrt(M) reduction."", ""Selected ranges share tracked points.""]",Auto,1.0768210085989038,0.0002629952560485363,5.078762306044808,0.004524349216077782,0.37279219034614797,0.0,0.0012404014988766153,0.3728217074082276,ols,iid,one_frame,
glyco,10,2,2.35,30.0,55.0,10.0,0.0,0.0,accepted,10,10,2.7154348925928886,"[""S001"", ""S002"", ""S003"", ""S004"", ""S005"", ""S006"", ""S007"", ""S008"", ""S009"", ""S010""]",2.7154348925928886,0.0025454873682404433,0.15497949360896005,0.0,0.15500039659701378,True,"[""u_fit uses a conservative same-run correlation bound; no independent-repeat averaging gain."", ""u_selection is range sensitivity; its quadrature contribution is a reporting convention and can double-count noise."", ""Linear fit diagnostics do not establish terminal motion; inspect residuals and subrange stability."", ""Wall coefficient is shared by all ranges; its uncertainty is propagated once after averaging, without sqrt(M) reduction."", ""Selected ranges share tracked points.""]",Auto,1.056433313844743,0.00025345015035350445,2.8686758821115492,0.0026891376557801852,0.16372550001129382,0.0,0.0006882273818028199,0.16374902891989612,ols,iid,one_frame,
glyco,11,2,2.34,70.0,62.0,10.0,0.0,0.0,accepted,11,11,2.950699558469881,"[""S001"", ""S002"", ""S003"", ""S004"", ""S005"", ""S006"", ""S007"", ""S008"", ""S009"", ""S010"", ""S011""]",2.950699558469881,0.0024711033394909767,0.22867460813573057,0.0,0.22868795936328692,True,"[""u_fit uses a conservative same-run correlation bound; no independent-repeat averaging gain."", ""u_selection is range sensitivity; its quadrature contribution is a reporting convention and can double-count noise."", ""Linear fit diagnostics do not establish terminal motion; inspect residuals and subrange stability."", ""Wall coefficient is shared by all ranges; its uncertainty is propagated once after averaging, without sqrt(M) reduction."", ""Selected ranges share tracked points.""]",Auto,1.056180004126478,0.00025333207143982405,3.1164698718407156,0.002609929935300533,0.24152154856441663,0.0,0.0007475068313437493,0.24153680655685572,ols,iid,one_frame,
glyco,12,2,2.34,18.0,18.0,10.0,0.0,0.0,accepted,11,11,2.7009480371421253,"[""S001"", ""S002"", ""S003"", ""S004"", ""S005"", ""S006"", ""S007"", ""S008"", ""S009"", ""S010"", ""S011""]",2.7009480371421253,0.002333455050342622,0.18956193269009808,0.0,0.18957629423975256,True,"[""u_fit uses a conservative same-run correlation bound; no independent-repeat averaging gain."", ""u_selection is range sensitivity; its quadrature contribution is a reporting convention and can double-count noise."", ""Linear fit diagnostics do not establish terminal motion; inspect residuals and subrange stability."", ""Wall coefficient is shared by all ranges; its uncertainty is propagated once after averaging, without sqrt(M) reduction."", ""Selected ranges share tracked points.""]",Auto,1.056180004126478,0.00025333207143982405,2.8526873090141724,0.002464548564699821,0.20021152285085092,0.0,0.0006842367611005414,0.2002278603537225,ols,iid,one_frame,
glyco,13,1,1.54,45.0,40.0,5.0,0.0,0.0,accepted,12,12,1.2626990545320556,"[""S001"", ""S002"", ""S003"", ""S004"", ""S005"", ""S006"", ""S007"", ""S008"", ""S009"", ""S010"", ""S011"", ""S012""]",1.2626990545320556,0.0010419298035617393,0.08343133739352827,0.0,0.08343784319472969,True,"[""u_fit uses a conservative same-run correlation bound; no independent-repeat averaging gain."", ""u_selection is range sensitivity; its quadrature contribution is a reporting convention and can double-count noise."", ""Linear fit diagnostics do not establish terminal motion; inspect residuals and subrange stability."", ""Wall coefficient is shared by all ranges; its uncertainty is propagated once after averaging, without sqrt(M) reduction."", ""Selected ranges share tracked points.""]",Auto,1.036289959109392,0.00024410015748814562,1.3085223515884916,0.0010797413935278515,0.0864590572159813,0.0,0.0003082250380714073,0.08646634847631371,ols,iid,one_frame,
glyco,14,1,1.58,55.0,65.0,5.0,0.0,0.0,accepted,10,10,1.2515460433510432,"[""S001"", ""S002"", ""S003"", ""S004"", ""S005"", ""S006"", ""S007"", ""S008"", ""S009"", ""S010""]",1.2515460433510432,0.0011342507835132515,0.06864937568726243,0.0,0.06865874530670363,True,"[""u_fit uses a conservative same-run correlation bound; no independent-repeat averaging gain."", ""u_selection is range sensitivity; its quadrature contribution is a reporting convention and can double-count noise."", ""Linear fit diagnostics do not establish terminal motion; inspect residuals and subrange stability."", ""Wall coefficient is shared by all ranges; its uncertainty is propagated once after averaging, without sqrt(M) reduction."", ""Selected ranges share tracked points.""]",Auto,1.0372671238602136,0.0002445518698565467,1.298187564765367,0.0011765210479509841,0.07120774047392597,0.0,0.00030606792511306025,0.07121811695596177,ols,iid,one_frame,
glyco,15,1,1.58,40.0,30.0,5.0,0.0,0.0,accepted,10,10,1.2435693136971566,"[""S001"", ""S002"", ""S003"", ""S004"", ""S005"", ""S006"", ""S007"", ""S008"", ""S009"", ""S010""]",1.2435693136971566,0.0011092792758420084,0.08052494740704225,0.0,0.08053258753708795,True,"[""u_fit uses a conservative same-run correlation bound; no independent-repeat averaging gain."", ""u_selection is range sensitivity; its quadrature contribution is a reporting convention and can double-count noise."", ""Linear fit diagnostics do not establish terminal motion; inspect residuals and subrange stability."", ""Wall coefficient is shared by all ranges; its uncertainty is propagated once after averaging, without sqrt(M) reduction."", ""Selected ranges share tracked points.""]",Auto,1.0372671238602136,0.0002445518698565467,1.2899135653394693,0.0011506189240103805,0.08352588059589768,0.0,0.0003041172009608621,0.08353435904165642,ols,iid,one_frame,
water,1,5,6.3,40.0,30.0,20.0,0.0,0.0,accepted,8,8,150.8930545576996,"[""S001"", ""S002"", ""S003"", ""S004"", ""S005"", ""S006"", ""S007"", ""S008""]",150.8930545576996,0.2937778910776456,3.6584936656031855,0.0,3.670269928839657,True,"[""u_fit uses a conservative same-run correlation bound; no independent-repeat averaging gain."", ""u_selection is range sensitivity; its quadrature contribution is a reporting convention and can double-count noise."", ""Linear fit diagnostics do not establish terminal motion; inspect residuals and subrange stability."", ""Wall coefficient is shared by all ranges; its uncertainty is propagated once after averaging, without sqrt(M) reduction."", ""Selected ranges share tracked points.""]",Auto,1.1643175905609067,0.00030161132521468035,175.68743771499624,0.34205076629958886,4.25964852981744,0.0,0.04551105415083884,4.273602178531822,ols,iid,one_frame,
water,2,5,6.31,50.0,50.0,20.0,0.0,0.0,accepted,8,8,144.79630276125727,"[""S001"", ""S002"", ""S003"", ""S004"", ""S005"", ""S006"", ""S007"", ""S008""]",144.79630276125727,0.33428688646243654,3.7738023786058204,0.0,3.7885791683996386,True,"[""u_fit uses a conservative same-run correlation bound; no independent-repeat averaging gain."", ""u_selection is range sensitivity; its quadrature contribution is a reporting convention and can double-count noise."", ""Linear fit diagnostics do not establish terminal motion; inspect residuals and subrange stability."", ""Wall coefficient is shared by all ranges; its uncertainty is propagated once after averaging, without sqrt(M) reduction."", ""Selected ranges share tracked points.""]",Auto,1.1646185907909452,0.0003017563144746098,168.6324660735545,0.3893167226317755,4.3950404080954275,0.0,0.043693198670786755,4.4124660672828355,ols,iid,one_frame,
water,3,5,6.3,55.0,45.0,20.0,0.0,0.0,accepted,8,8,145.63963243381698,"[""S001"", ""S002"", ""S003"", ""S004"", ""S005"", ""S006"", ""S007"", ""S008""]",145.63963243381698,0.3674552863621515,3.6576593890743694,0.0,3.67607067314536,True,"[""u_fit uses a conservative same-run correlation bound; no independent-repeat averaging gain."", ""u_selection is range sensitivity; its quadrature contribution is a reporting convention and can double-count noise."", ""Linear fit diagnostics do not establish terminal motion; inspect residuals and subrange stability."", ""Wall coefficient is shared by all ranges; its uncertainty is propagated once after averaging, without sqrt(M) reduction."", ""Selected ranges share tracked points.""]",Auto,1.1643175905609067,0.00030161132521468035,169.57078592551787,0.4278346536560482,4.258677166979548,0.0,0.043926562542142486,4.280339150852266,ols,iid,one_frame,
water,4,4,4.74,78.0,20.0,20.0,0.0,0.0,accepted,8,8,129.73096053869486,"[""S001"", ""S002"", ""S003"", ""S004"", ""S005"", ""S006"", ""S007"", ""S008""]",129.73096053869486,0.2861308158822932,1.6556313717817677,0.0,1.6801744204175484,True,"[""u_fit uses a conservative same-run correlation bound; no independent-repeat averaging gain."", ""u_selection is range sensitivity; its quadrature contribution is a reporting convention and can double-count noise."", ""Linear fit diagnostics do not establish terminal motion; inspect residuals and subrange stability."", ""Wall coefficient is shared by all ranges; its uncertainty is propagated once after averaging, without sqrt(M) reduction."", ""Selected ranges share tracked points.""]",Auto,1.1190570438044598,0.00028000036444177193,145.1763451903449,0.3201967049625972,1.8527459485360274,0.0,0.036324716230215694,1.8805618747317978,ols,iid,one_frame,
water,5,4,4.73,50.0,50.0,20.0,0.0,0.0,accepted,6,6,122.4510324607189,"[""S001"", ""S002"", ""S003"", ""S004"", ""S005"", ""S006""]",122.4510324607189,0.1367794112981908,0.42428198401544015,0.0,0.4457844875218942,True,"[""u_fit uses a conservative same-run correlation bound; no independent-repeat averaging gain."", ""u_selection is range sensitivity; its quadrature contribution is a reporting convention and can double-count noise."", ""Linear fit diagnostics do not establish terminal motion; inspect residuals and subrange stability."", ""Wall coefficient is shared by all ranges; its uncertainty is propagated once after averaging, without sqrt(M) reduction."", ""Selected ranges share tracked points.""]",Auto,1.1187774678653142,0.0002798680635649343,136.9954560338965,0.15302572342829823,0.47467712373766585,0.0,0.034270133336308316,0.4999096777113899,ols,iid,one_frame,
water,6,4,4.73,28.0,70.0,20.0,0.0,0.0,accepted,7,7,114.5634370865821,"[""S001"", ""S002"", ""S003"", ""S004"", ""S005"", ""S006"", ""S007""]",114.5634370865821,0.19817567300388325,1.4367846047783501,0.0,1.4503873958010742,True,"[""u_fit uses a conservative same-run correlation bound; no independent-repeat averaging gain."", ""u_selection is range sensitivity; its quadrature contribution is a reporting convention and can double-count noise."", ""Linear fit diagnostics do not establish terminal motion; inspect residuals and subrange stability."", ""Wall coefficient is shared by all ranges; its uncertainty is propagated once after averaging, without sqrt(M) reduction."", ""Selected ranges share tracked points.""]",Auto,1.1187774678653142,0.0002798680635649343,128.17099205367356,0.221714477635789,1.6074422420017886,0.0,0.03206264729276491,1.6229774749873973,ols,iid,one_frame,
water,7,3,3.94,67.0,28.0,20.0,0.0,0.0,accepted,9,9,115.24355951543723,"[""S001"", ""S002"", ""S003"", ""S004"", ""S005"", ""S006"", ""S007"", ""S008"", ""S009""]",115.24355951543723,0.9518479519912589,2.091738226992134,0.0,2.2981260483207073,True,"[""u_fit uses a conservative same-run correlation bound; no independent-repeat averaging gain."", ""u_selection is range sensitivity; its quadrature contribution is a reporting convention and can double-count noise."", ""Linear fit diagnostics do not establish terminal motion; inspect residuals and subrange stability."", ""Wall coefficient is shared by all ranges; its uncertainty is propagated once after averaging, without sqrt(M) reduction."", ""Selected ranges share tracked points.""]",Auto,1.0970977869429774,0.00026965403183355595,126.4334541038175,1.0442702816358156,2.2948413796970972,0.0,0.03107589046618801,2.5214605073342096,ols,iid,one_frame,
water,8,3,3.93,50.0,50.0,20.0,0.0,0.0,accepted,8,8,110.90415209460905,"[""S001"", ""S002"", ""S003"", ""S004"", ""S005"", ""S006"", ""S007"", ""S008""]",110.90415209460905,0.29500993951702753,2.8805068565279726,0.0,2.8955743152125284,True,"[""u_fit uses a conservative same-run correlation bound; no independent-repeat averaging gain."", ""u_selection is range sensitivity; its quadrature contribution is a reporting convention and can double-count noise."", ""Linear fit diagnostics do not establish terminal motion; inspect residuals and subrange stability."", ""Wall coefficient is shared by all ranges; its uncertainty is propagated once after averaging, without sqrt(M) reduction."", ""Selected ranges share tracked points.""]",Auto,1.0968284345179988,0.00026952769503291337,121.64282752347609,0.3235752901277108,3.159421826063938,0.0,0.02989174048363963,3.176088909262391,ols,iid,one_frame,
water,9,3,3.92,28.0,70.0,20.0,0.0,0.0,accepted,9,9,108.99340540168626,"[""S001"", ""S002"", ""S003"", ""S004"", ""S005"", ""S006"", ""S007"", ""S008"", ""S009""]",108.99340540168626,0.29387860477266037,1.443547841048499,0.0,1.4731581733605215,True,"[""u_fit uses a conservative same-run correlation bound; no independent-repeat averaging gain."", ""u_selection is range sensitivity; its quadrature contribution is a reporting convention and can double-count noise."", ""Linear fit diagnostics do not establish terminal motion; inspect residuals and subrange stability."", ""Wall coefficient is shared by all ranges; its uncertainty is propagated once after averaging, without sqrt(M) reduction."", ""Selected ranges share tracked points.""]",Auto,1.0965592070737018,0.0002694014307549218,119.51772220353561,0.3222552898254343,1.5829356759530961,0.0,0.0293629793580655,1.6156719996900182,ols,iid,one_frame,
water,10,2,3.14,75.0,20.0,20.0,0.0,0.0,accepted,9,9,95.93218662150936,"[""S001"", ""S002"", ""S003"", ""S004"", ""S005"", ""S006"", ""S007"", ""S008"", ""S009""]",95.93218662150936,0.2989860945970316,0.7177886935499043,0.0,0.7775688351203792,True,"[""u_fit uses a conservative same-run correlation bound; no independent-repeat averaging gain."", ""u_selection is range sensitivity; its quadrature contribution is a reporting convention and can double-count noise."", ""Linear fit diagnostics do not establish terminal motion; inspect residuals and subrange stability."", ""Wall coefficient is shared by all ranges; its uncertainty is propagated once after averaging, without sqrt(M) reduction."", ""Selected ranges share tracked points.""]",Auto,1.0759389936641846,0.0002597722742109597,103.21718033355152,0.3216907977403149,0.7722968446016137,0.0,0.024920522288699686,0.8369877047863671,ols,iid,one_frame,
water,11,2,3.14,50.0,50.0,20.0,0.0,0.0,accepted,9,9,91.75451561395876,"[""S001"", ""S002"", ""S003"", ""S004"", ""S005"", ""S006"", ""S007"", ""S008"", ""S009""]",91.75451561395876,0.14902278691199342,1.0368004123717072,0.0,1.0474554339508482,True,"[""u_fit uses a conservative same-run correlation bound; no independent-repeat averaging gain."", ""u_selection is range sensitivity; its quadrature contribution is a reporting convention and can double-count noise."", ""Linear fit diagnostics do not establish terminal motion; inspect residuals and subrange stability."", ""Wall coefficient is shared by all ranges; its uncertainty is propagated once after averaging, without sqrt(M) reduction."", ""Selected ranges share tracked points.""]",Auto,1.0759389936641846,0.0002597722742109597,98.72226119382749,0.1603394273831224,1.1155339923178262,0.0,0.023835279190163077,1.1272501676753783,ols,iid,one_frame,
water,12,2,3.14,28.0,70.0,20.0,0.0,0.0,accepted,10,10,87.0267729609017,"[""S001"", ""S002"", ""S003"", ""S004"", ""S005"", ""S006"", ""S007"", ""S008"", ""S009"", ""S010""]",87.0267729609017,0.4194263878526668,1.1674508108729975,0.0,1.2405079163935857,True,"[""u_fit uses a conservative same-run correlation bound; no independent-repeat averaging gain."", ""u_selection is range sensitivity; its quadrature contribution is a reporting convention and can double-count noise."", ""Linear fit diagnostics do not establish terminal motion; inspect residuals and subrange stability."", ""Wall coefficient is shared by all ranges; its uncertainty is propagated once after averaging, without sqrt(M) reduction."", ""Selected ranges share tracked points.""]",Auto,1.0759389936641846,0.0002597722742109597,93.63549852139404,0.45127720566240226,1.2561058506031293,0.0,0.022607142729294285,1.3349022837542304,ols,iid,one_frame,
water,13,1,2.33,70.0,30.0,20.0,0.0,0.0,accepted,10,10,78.23017866691563,"[""S001"", ""S002"", ""S003"", ""S004"", ""S005"", ""S006"", ""S007"", ""S008"", ""S009"", ""S010""]",78.23017866691563,0.06578242929027608,0.7492276890086648,0.0,0.752110003909398,True,"[""u_fit uses a conservative same-run correlation bound; no independent-repeat averaging gain."", ""u_selection is range sensitivity; its quadrature contribution is a reporting convention and can double-count noise."", ""Linear fit diagnostics do not establish terminal motion; inspect residuals and subrange stability."", ""Wall coefficient is shared by all ranges; its uncertainty is propagated once after averaging, without sqrt(M) reduction."", ""Selected ranges share tracked points.""]",Auto,1.0552963716913348,0.00025021524083820455,82.55602370396093,0.06941995895107014,0.7906572617815277,0.0,0.019574382995958067,0.7939402954746055,ols,iid,one_frame,
water,14,1,2.33,50.0,50.0,20.0,0.0,0.0,accepted,9,9,74.8232510752835,"[""S001"", ""S002"", ""S003"", ""S004"", ""S005"", ""S006"", ""S007"", ""S008"", ""S009""]",74.8232510752835,0.06249316595484554,0.28356904759658724,0.0,0.29037355345467575,True,"[""u_fit uses a conservative same-run correlation bound; no independent-repeat averaging gain."", ""u_selection is range sensitivity; its quadrature contribution is a reporting convention and can double-count noise."", ""Linear fit diagnostics do not establish terminal motion; inspect residuals and subrange stability."", ""Wall coefficient is shared by all ranges; its uncertainty is propagated once after averaging, without sqrt(M) reduction."", ""Selected ranges share tracked points.""]",Auto,1.0552963716913348,0.00025021524083820455,78.96070537789645,0.06594881128765295,0.299249387052646,0.0,0.018721917788099507,0.3070015497799696,ols,iid,one_frame,
water,15,1,2.31,28.0,70.0,20.0,0.0,0.0,accepted,10,10,73.61423026663073,"[""S001"", ""S002"", ""S003"", ""S004"", ""S005"", ""S006"", ""S007"", ""S008"", ""S009"", ""S010""]",73.61423026663073,0.07980418139304983,0.2973133301713993,0.0,0.3078374955482556,True,"[""u_fit uses a conservative same-run correlation bound; no independent-repeat averaging gain."", ""u_selection is range sensitivity; its quadrature contribution is a reporting convention and can double-count noise."", ""Linear fit diagnostics do not establish terminal motion; inspect residuals and subrange stability."", ""Wall coefficient is shared by all ranges; its uncertainty is propagated once after averaging, without sqrt(M) reduction."", ""Selected ranges share tracked points.""]",Auto,1.054796325641197,0.00024998476348399675,77.64801960014708,0.08417715730419253,0.31360500822894005,0.0,0.018402435942260157,0.3252269125498339,ols,iid,one_frame,
water,16,5,6.32,20.0,78.0,20.0,0.0,0.0,accepted,6,6,144.85855065019473,"[""S001"", ""S002"", ""S003"", ""S004"", ""S005"", ""S006""]",144.85855065019473,1.0201802245633325,2.678211626160028,0.0,2.8659353106950674,True,"[""u_fit uses a conservative same-run correlation bound; no independent-repeat averaging gain."", ""u_selection is range sensitivity; its quadrature contribution is a reporting convention and can double-count noise."", ""Linear fit diagnostics do not establish terminal motion; inspect residuals and subrange stability."", ""Wall coefficient is shared by all ranges; its uncertainty is propagated once after averaging, without sqrt(M) reduction."", ""Selected ranges share tracked points.""]",Auto,1.1649197335604768,0.00030190138895886667,168.74858422738168,1.1884280753819847,3.119901573964911,0.0,0.043732997643862126,3.3388710212686825,ols,iid,one_frame,
water,17,5,6.33,50.0,50.0,20.0,0.0,0.0,accepted,10,10,150.36792863307517,"[""S001"", ""S002"", ""S003"", ""S004"", ""S005"", ""S006"", ""S007"", ""S008"", ""S009"", ""S010""]",150.36792863307517,0.3412484087705364,5.259234263544235,0.0,5.270293683973038,True,"[""u_fit uses a conservative same-run correlation bound; no independent-repeat averaging gain."", ""u_selection is range sensitivity; its quadrature contribution is a reporting convention and can double-count noise."", ""Linear fit diagnostics do not establish terminal motion; inspect residuals and subrange stability."", ""Wall coefficient is shared by all ranges; its uncertainty is propagated once after averaging, without sqrt(M) reduction."", ""Selected ranges share tracked points.""]",Auto,1.1652210189490966,0.00030204654872522616,175.2118710190969,0.3976298185823623,6.128170307459015,0.0,0.04541811388258147,6.141224926259973,ols,iid,one_frame,
water,18,5,6.33,28.0,70.0,20.0,0.0,0.0,accepted,10,10,140.41024782983126,"[""S001"", ""S002"", ""S003"", ""S004"", ""S005"", ""S006"", ""S007"", ""S008"", ""S009"", ""S010""]",140.41024782983126,0.47414631361808623,6.010881063114667,0.0,6.02955270991374,True,"[""u_fit uses a conservative same-run correlation bound; no independent-repeat averaging gain."", ""u_selection is range sensitivity; its quadrature contribution is a reporting convention and can double-count noise."", ""Linear fit diagnostics do not establish terminal motion; inspect residuals and subrange stability."", ""Wall coefficient is shared by all ranges; its uncertainty is propagated once after averaging, without sqrt(M) reduction."", ""Selected ranges share tracked points.""]",Auto,1.1652210189490966,0.00030204654872522616,163.60897204717116,0.5524852506850243,7.004004957144301,0.0,0.04241043076265421,7.025889554822499,ols,iid,one_frame,
water,19,4,4.73,70.0,28.0,20.0,0.0,0.0,accepted,10,10,122.29921790943831,"[""S001"", ""S002"", ""S003"", ""S004"", ""S005"", ""S006"", ""S007"", ""S008"", ""S009"", ""S010""]",122.29921790943831,0.42229846469458715,2.684215709489939,0.0,2.717232041684328,True,"[""u_fit uses a conservative same-run correlation bound; no independent-repeat averaging gain."", ""u_selection is range sensitivity; its quadrature contribution is a reporting convention and can double-count noise."", ""Linear fit diagnostics do not establish terminal motion; inspect residuals and subrange stability."", ""Wall coefficient is shared by all ranges; its uncertainty is propagated once after averaging, without sqrt(M) reduction."", ""Selected ranges share tracked points.""]",Auto,1.1187774678653142,0.0002798680635649343,136.8256093346297,0.47245800701442,3.0030400546674514,0.0,0.03422764529182044,3.0401706646225226,ols,iid,one_frame,
water,20,4,4.73,50.0,50.0,20.0,0.0,0.0,accepted,9,9,121.31720111354055,"[""S001"", ""S002"", ""S003"", ""S004"", ""S005"", ""S006"", ""S007"", ""S008"", ""S009""]",121.31720111354055,0.14780176174468437,0.6332824133807651,0.0,0.650301450000074,True,"[""u_fit uses a conservative same-run correlation bound; no independent-repeat averaging gain."", ""u_selection is range sensitivity; its quadrature contribution is a reporting convention and can double-count noise."", ""Linear fit diagnostics do not establish terminal motion; inspect residuals and subrange stability."", ""Wall coefficient is shared by all ranges; its uncertainty is propagated once after averaging, without sqrt(M) reduction."", ""Selected ranges share tracked points.""]",Auto,1.1187774678653142,0.0002798680635649343,135.72695107031396,0.16535728075075046,0.7085020948857675,0.0,0.03395281015276429,0.7283344301020468,ols,iid,one_frame,
water,21,4,4.74,28.0,70.0,20.0,0.0,0.0,accepted,10,10,115.25101279040788,"[""S001"", ""S002"", ""S003"", ""S004"", ""S005"", ""S006"", ""S007"", ""S008"", ""S009"", ""S010""]",115.25101279040788,0.41586182879396416,2.743627085998508,0.0,2.774964981341661,True,"[""u_fit uses a conservative same-run correlation bound; no independent-repeat averaging gain."", ""u_selection is range sensitivity; its quadrature contribution is a reporting convention and can double-count noise."", ""Linear fit diagnostics do not establish terminal motion; inspect residuals and subrange stability."", ""Wall coefficient is shared by all ranges; its uncertainty is propagated once after averaging, without sqrt(M) reduction."", ""Selected ranges share tracked points.""]",Auto,1.1190570438044598,0.00028000036444177193,128.97245766870384,0.4653731087612899,3.0702752161593345,0.0,0.03227032558359753,3.105511778633864,ols,iid,one_frame,
water,22,3,3.94,70.0,28.0,20.0,0.0,0.0,accepted,8,8,116.60955874421424,"[""S001"", ""S002"", ""S003"", ""S004"", ""S005"", ""S006"", ""S007"", ""S008""]",116.60955874421424,0.4811290724448258,0.6887748185339134,0.0,0.8401761333185107,True,"[""u_fit uses a conservative same-run correlation bound; no independent-repeat averaging gain."", ""u_selection is range sensitivity; its quadrature contribution is a reporting convention and can double-count noise."", ""Linear fit diagnostics do not establish terminal motion; inspect residuals and subrange stability."", ""Wall coefficient is shared by all ranges; its uncertainty is propagated once after averaging, without sqrt(M) reduction."", ""Selected ranges share tracked points.""]",Auto,1.0970977869429774,0.00026965403183355595,127.93208883467457,0.5278456406131459,0.7556533291156073,0.0,0.03144423766570926,0.9222915559627445,ols,iid,one_frame,
water,23,3,3.93,50.0,50.0,20.0,0.0,0.0,accepted,10,10,109.48505968531484,"[""S001"", ""S002"", ""S003"", ""S004"", ""S005"", ""S006"", ""S007"", ""S008"", ""S009"", ""S010""]",109.48505968531484,0.16403451836367272,0.34647820359509457,0.0,0.38334640833231487,True,"[""u_fit uses a conservative same-run correlation bound; no independent-repeat averaging gain."", ""u_selection is range sensitivity; its quadrature contribution is a reporting convention and can double-count noise."", ""Linear fit diagnostics do not establish terminal motion; inspect residuals and subrange stability."", ""Wall coefficient is shared by all ranges; its uncertainty is propagated once after averaging, without sqrt(M) reduction."", ""Selected ranges share tracked points.""]",Auto,1.0968284345179988,0.00026952769503291337,120.08632661775354,0.1799177239837411,0.38002714564381607,0.0,0.029509255777523856,0.42149948399282666,ols,iid,one_frame,
water,24,2,3.14,28.0,70.0,20.0,0.0,0.0,accepted,8,8,90.56394966772137,"[""S001"", ""S002"", ""S003"", ""S004"", ""S005"", ""S006"", ""S007"", ""S008""]",90.56394966772137,0.3227417050037833,0.9299373981365239,0.0,0.984350431808549,True,"[""u_fit uses a conservative same-run correlation bound; no independent-repeat averaging gain."", ""u_selection is range sensitivity; its quadrature contribution is a reporting convention and can double-count noise."", ""Linear fit diagnostics do not establish terminal motion; inspect residuals and subrange stability."", ""Wall coefficient is shared by all ranges; its uncertainty is propagated once after averaging, without sqrt(M) reduction."", ""Selected ranges share tracked points.""]",Auto,1.0759389936641846,0.0002597722742109597,97.441284867742,0.3472503852952337,1.0005559083217017,0.0,0.023526003166710868,1.0593622744793934,ols,iid,one_frame,
water,25,2,3.14,70.0,28.0,20.0,0.0,0.0,accepted,10,10,95.88333210850008,"[""S001"", ""S002"", ""S003"", ""S004"", ""S005"", ""S006"", ""S007"", ""S008"", ""S009"", ""S010""]",95.88333210850008,0.06398830869463175,0.11061356076396264,0.0,0.12778835422088486,True,"[""u_fit uses a conservative same-run correlation bound; no independent-repeat averaging gain."", ""u_selection is range sensitivity; its quadrature contribution is a reporting convention and can double-count noise."", ""Linear fit diagnostics do not establish terminal motion; inspect residuals and subrange stability."", ""Wall coefficient is shared by all ranges; its uncertainty is propagated once after averaging, without sqrt(M) reduction."", ""Selected ranges share tracked points.""]",Auto,1.0759389936641846,0.0002597722742109597,103.16461585798838,0.06884751646317527,0.11901344325399009,0.0,0.024907831240749797,0.13973038415260863,ols,iid,one_frame,
water,26,1,2.34,50.0,50.0,20.0,0.0,0.0,accepted,10,10,75.49268471260322,"[""S001"", ""S002"", ""S003"", ""S004"", ""S005"", ""S006"", ""S007"", ""S008"", ""S009"", ""S010""]",75.49268471260322,0.08101346783682203,0.4324717064226543,0.0,0.4399942713571056,True,"[""u_fit uses a conservative same-run correlation bound; no independent-repeat averaging gain."", ""u_selection is range sensitivity; its quadrature contribution is a reporting convention and can double-count noise."", ""Linear fit diagnostics do not establish terminal motion; inspect residuals and subrange stability."", ""Wall coefficient is shared by all ranges; its uncertainty is propagated once after averaging, without sqrt(M) reduction."", ""Selected ranges share tracked points.""]",Auto,1.0555465665881458,0.0002503305771053479,79.68604415090974,0.08551348782255667,0.4564940248609493,0.0,0.018898127331338038,0.4648187717271744,ols,iid,one_frame,
water,27,1,2.35,28.0,70.0,20.0,0.0,0.0,accepted,10,10,73.1052457207037,"[""S001"", ""S002"", ""S003"", ""S004"", ""S005"", ""S006"", ""S007"", ""S008"", ""S009"", ""S010""]",73.1052457207037,0.166938305987049,0.43609173245414706,0.0,0.46695224286931636,True,"[""u_fit uses a conservative same-run correlation bound; no independent-repeat averaging gain."", ""u_selection is range sensitivity; its quadrature contribution is a reporting convention and can double-count noise."", ""Linear fit diagnostics do not establish terminal motion; inspect residuals and subrange stability."", ""Wall coefficient is shared by all ranges; its uncertainty is propagated once after averaging, without sqrt(M) reduction."", ""Selected ranges share tracked points.""]",Auto,1.0557968761482461,0.0002504459784912193,77.18429006196891,0.1762529419706064,0.4604242888391652,0.0,0.01830891479736266,0.4933465735843333,ols,iid,one_frame,
glyco,16,5,6.33,70.0,28.0,20.0,0.0,0.0,accepted,10,10,18.364452165114947,"[""S001"", ""S002"", ""S003"", ""S004"", ""S005"", ""S006"", ""S007"", ""S008"", ""S009"", ""S010""]",18.364452165114947,0.10494101679276338,1.006080933553621,0.0,1.0115391548850812,True,"[""u_fit uses a conservative same-run correlation bound; no independent-repeat averaging gain."", ""u_selection is range sensitivity; its quadrature contribution is a reporting convention and can double-count noise."", ""Linear fit diagnostics do not establish terminal motion; inspect residuals and subrange stability."", ""Wall coefficient is shared by all ranges; its uncertainty is propagated once after averaging, without sqrt(M) reduction."", ""Selected ranges share tracked points.""]",Auto,1.1672866218685716,0.00030631833752826855,21.436579330284,0.12249624498747781,1.174384814254185,0.0,0.005625368456835422,1.1807695231319038,ols,iid,one_frame,
glyco,17,5,6.32,50.0,50.0,20.0,0.0,0.0,accepted,13,13,18.87734022777546,"[""S001"", ""S002"", ""S003"", ""S004"", ""S005"", ""S006"", ""S007"", ""S008"", ""S009"", ""S010"", ""S011"", ""S012"", ""S013""]",18.87734022777546,0.060567240743516416,1.447028874205712,0.0,1.448295879106315,True,"[""u_fit uses a conservative same-run correlation bound; no independent-repeat averaging gain."", ""u_selection is range sensitivity; its quadrature contribution is a reporting convention and can double-count noise."", ""Linear fit diagnostics do not establish terminal motion; inspect residuals and subrange stability."", ""Wall coefficient is shared by all ranges; its uncertainty is propagated once after averaging, without sqrt(M) reduction."", ""Selected ranges share tracked points.""]",Auto,1.166981091431515,0.000306169424800117,22.02949910233345,0.07068082470786412,1.6886553349534983,0.0,0.0057796643992941215,1.6901437878976049,ols,iid,one_frame,
glyco,18,4,4.71,28.0,70.0,20.0,0.0,0.0,accepted,11,11,10.3660244876284,"[""S001"", ""S002"", ""S003"", ""S004"", ""S005"", ""S006"", ""S007"", ""S008"", ""S009"", ""S010"", ""S011""]",10.3660244876284,0.015087081663724078,0.5340703421353743,0.0,0.5342833989389186,True,"[""u_fit uses a conservative same-run correlation bound; no independent-repeat averaging gain."", ""u_selection is range sensitivity; its quadrature contribution is a reporting convention and can double-count noise."", ""Linear fit diagnostics do not establish terminal motion; inspect residuals and subrange stability."", ""Wall coefficient is shared by all ranges; its uncertainty is propagated once after averaging, without sqrt(M) reduction."", ""Selected ranges share tracked points.""]",Auto,1.1196423090683005,0.0002833073970487191,11.606239593186809,0.016892134951074046,0.5979677510733478,0.0,0.0029367714153332837,0.5982135071805621,ols,iid,one_frame,
glyco,19,4,4.72,70.0,28.0,20.0,0.0,0.0,accepted,13,13,10.821598314960546,"[""S001"", ""S002"", ""S003"", ""S004"", ""S005"", ""S006"", ""S007"", ""S008"", ""S009"", ""S010"", ""S011"", ""S012"", ""S013""]",10.821598314960546,0.02936736273167445,0.6777341779669473,0.0,0.6783701482069708,True,"[""u_fit uses a conservative same-run correlation bound; no independent-repeat averaging gain."", ""u_selection is range sensitivity; its quadrature contribution is a reporting convention and can double-count noise."", ""Linear fit diagnostics do not establish terminal motion; inspect residuals and subrange stability."", ""Wall coefficient is shared by all ranges; its uncertainty is propagated once after averaging, without sqrt(M) reduction."", ""Selected ranges share tracked points.""]",Auto,1.1199253167453267,0.00028344281658604175,12.119381920572884,0.03288925300924541,0.7590116639287671,0.0,0.0030673043063551807,0.7597300950331832,ols,iid,one_frame,
glyco,20,3,3.15,50.0,50.0,20.0,0.0,0.0,accepted,11,11,4.51197043546359,"[""S001"", ""S002"", ""S003"", ""S004"", ""S005"", ""S006"", ""S007"", ""S008"", ""S009"", ""S010"", ""S011""]",4.51197043546359,0.0036277444736500315,0.221605428783095,0.0,0.22163512040311997,True,"[""u_fit uses a conservative same-run correlation bound; no independent-repeat averaging gain."", ""u_selection is range sensitivity; its quadrature contribution is a reporting convention and can double-count noise."", ""Linear fit diagnostics do not establish terminal motion; inspect residuals and subrange stability."", ""Wall coefficient is shared by all ranges; its uncertainty is propagated once after averaging, without sqrt(M) reduction."", ""Selected ranges share tracked points.""]",Auto,1.0770839137438322,0.00026311887656895047,4.859770775325587,0.003907385215741534,0.23868764254057603,0.0,0.0011871845920914982,0.23872257490245385,ols,iid,one_frame,
glyco,21,3,3.14,28.0,70.0,20.0,0.0,0.0,accepted,11,11,4.678797008175935,"[""S001"", ""S002"", ""S003"", ""S004"", ""S005"", ""S006"", ""S007"", ""S008"", ""S009"", ""S010"", ""S011""]",4.678797008175935,0.0037392691731490974,0.2990929394395238,0.0,0.2991163127556301,True,"[""u_fit uses a conservative same-run correlation bound; no independent-repeat averaging gain."", ""u_selection is range sensitivity; its quadrature contribution is a reporting convention and can double-count noise."", ""Linear fit diagnostics do not establish terminal motion; inspect residuals and subrange stability."", ""Wall coefficient is shared by all ranges; its uncertainty is propagated once after averaging, without sqrt(M) reduction."", ""Selected ranges share tracked points.""]",Auto,1.0768210085989038,0.0002629952560485363,5.038226913373544,0.0040265236024532,0.3220695607120789,0.0,0.0012305014171643555,0.3220970800291897,ols,iid,one_frame,
glyco,22,2,2.33,70.0,28.0,10.0,0.0,0.0,accepted,12,12,2.826618587707657,"[""S001"", ""S002"", ""S003"", ""S004"", ""S005"", ""S006"", ""S007"", ""S008"", ""S009"", ""S010"", ""S011"", ""S012""]",2.826618587707657,0.0023539959772079845,0.17869407172321042,0.0,0.17870957603352033,True,"[""u_fit uses a conservative same-run correlation bound; no independent-repeat averaging gain."", ""u_selection is range sensitivity; its quadrature contribution is a reporting convention and can double-count noise."", ""Linear fit diagnostics do not establish terminal motion; inspect residuals and subrange stability."", ""Wall coefficient is shared by all ranges; its uncertainty is propagated once after averaging, without sqrt(M) reduction."", ""Selected ranges share tracked points.""]",Auto,1.0559268117235252,0.0002532140598949323,2.9847023532766,0.002485647467023231,0.1886878614285845,0.0,0.0007157395683679357,0.18870559021118788,ols,iid,one_frame,
glyco,23,2,2.32,50.0,50.0,10.0,0.0,0.0,accepted,13,13,2.695507347432226,"[""S001"", ""S002"", ""S003"", ""S004"", ""S005"", ""S006"", ""S007"", ""S008"", ""S009"", ""S010"", ""S011"", ""S012"", ""S013""]",2.695507347432226,0.0018909942307739841,0.13020600717639672,0.0,0.13021973799697453,True,"[""u_fit uses a conservative same-run correlation bound; no independent-repeat averaging gain."", ""u_selection is range sensitivity; its quadrature contribution is a reporting convention and can double-count noise."", ""Linear fit diagnostics do not establish terminal motion; inspect residuals and subrange stability."", ""Wall coefficient is shared by all ranges; its uncertainty is propagated once after averaging, without sqrt(M) reduction."", ""Selected ranges share tracked points.""]",Auto,1.055673736572156,0.0002530961156727792,2.845576313421479,0.001996272945437562,0.13745506212004768,0.0,0.0006822224394025329,0.1374712502145655,ols,iid,one_frame,
glyco,24,1,1.53,28.0,70.0,5.0,0.0,0.0,accepted,10,10,1.2221761335928856,"[""S001"", ""S002"", ""S003"", ""S004"", ""S005"", ""S006"", ""S007"", ""S008"", ""S009"", ""S010""]",1.2221761335928856,0.0009704787825258728,0.05658110028877053,0.0,0.05658942250063382,True,"[""u_fit uses a conservative same-run correlation bound; no independent-repeat averaging gain."", ""u_selection is range sensitivity; its quadrature contribution is a reporting convention and can double-count noise."", ""Linear fit diagnostics do not establish terminal motion; inspect residuals and subrange stability."", ""Wall coefficient is shared by all ranges; its uncertainty is propagated once after averaging, without sqrt(M) reduction."", ""Selected ranges share tracked points.""]",Auto,1.0360459489371303,0.0002439873889680962,1.2662306320965542,0.0010054606111653687,0.0586206197405862,0.0,0.00029819556369445127,0.05863000025929743,ols,iid,one_frame,
glyco,25,1,1.52,70.0,28.0,5.0,0.0,0.0,accepted,11,11,1.289126308417891,"[""S001"", ""S002"", ""S003"", ""S004"", ""S005"", ""S006"", ""S007"", ""S008"", ""S009"", ""S010"", ""S011""]",1.289126308417891,0.0010842499279685054,0.07302790080632338,0.0,0.07303594932692055,True,"[""u_fit uses a conservative same-run correlation bound; no independent-repeat averaging gain."", ""u_selection is range sensitivity; its quadrature contribution is a reporting convention and can double-count noise."", ""Linear fit diagnostics do not establish terminal motion; inspect residuals and subrange stability."", ""Wall coefficient is shared by all ranges; its uncertainty is propagated once after averaging, without sqrt(M) reduction."", ""Selected ranges share tracked points.""]",Auto,1.0358020510499844,0.00024387468418976313,1.335279674321746,0.0011230682992405757,0.07564244943906456,0.0,0.0003143852713461283,0.0756514393626786,ols,iid,one_frame,
