id,choosen_t0_s,choosen_t1_s,measured_t0_pt_s,measured_t1_point_s,n,v_mm_s,u_fit_mm_s,wall_mode,wall_size_mm,wall_coef,wall_cor_unc,velocity_wall_corrected,velocity_wall_cor_unc,velocity_wall_cor_total_unc,u_calibration,method,uncertainty_model,r_squared,reduced_chi_2,notes
S001,22.856555555555552,79.32444444444444,22.924,76.024,532,2.7282717820350966,0.0034477579094038713,Auto,92.5,1.055673736572156,0.0002530961156727792,2.8801648665253654,0.003704629732624039,0.003704629732624039,0.0,ols,iid,0.9991543187456817,,Fit uncertainty estimated from residual scatter; no calibrated chi-square.; OLS conditions on recorded times. Propagate uncertainty of a derived d=v*t separately; EIV requires independent position sigmas.; Wall correction uses an effective cylindrical width in creeping flow; pos_h/pos_w and end effects are not modelled.; Geometry and fitted velocity assumed independent; wall model uncertainty is user supplied.; Quadratic diagnostic suggests curvature; check for acceleration before calling this terminal velocity.; Residuals are correlated; IID uncertainty may be optimistic. Inspect residuals and consider HAC.
S002,23.6378,37.03384444444444,23.724,37.024,134,3.002132510107599,0.001914826315594743,Auto,92.5,1.055673736572156,0.0002530961156727792,3.169272444630035,0.002159519723642972,0.002159519723642972,0.0,ols,iid,0.999946303043609,,Fit uncertainty estimated from residual scatter; no calibrated chi-square.; OLS conditions on recorded times. Propagate uncertainty of a derived d=v*t separately; EIV requires independent position sigmas.; Wall correction uses an effective cylindrical width in creeping flow; pos_h/pos_w and end effects are not modelled.; Geometry and fitted velocity assumed independent; wall model uncertainty is user supplied.; Quadratic diagnostic suggests curvature; check for acceleration before calling this terminal velocity.
S003,37.476166666666664,51.94642222222222,37.524,51.924,145,2.7208428314648376,0.004875012415934108,Auto,92.5,1.055673736572156,0.0002530961156727792,2.87232231851805,0.005192290739277194,0.005192290739277194,0.0,ols,iid,0.9995411388894794,,Fit uncertainty estimated from residual scatter; no calibrated chi-square.; OLS conditions on recorded times. Propagate uncertainty of a derived d=v*t separately; EIV requires independent position sigmas.; Wall correction uses an effective cylindrical width in creeping flow; pos_h/pos_w and end effects are not modelled.; Geometry and fitted velocity assumed independent; wall model uncertainty is user supplied.; Quadratic diagnostic suggests curvature; check for acceleration before calling this terminal velocity.; Residuals are correlated; IID uncertainty may be optimistic. Inspect residuals and consider HAC.
S004,49.22929999999999,65.65841111111109,49.324,65.624,164,2.6265500092485796,0.001009230002413042,Auto,92.5,1.055673736572156,0.0002530961156727792,2.772779862557079,0.0012557998672139664,0.0012557998672139664,0.0,ols,iid,0.9999760826210579,,Fit uncertainty estimated from residual scatter; no calibrated chi-square.; OLS conditions on recorded times. Propagate uncertainty of a derived d=v*t separately; EIV requires independent position sigmas.; Wall correction uses an effective cylindrical width in creeping flow; pos_h/pos_w and end effects are not modelled.; Geometry and fitted velocity assumed independent; wall model uncertainty is user supplied.
S005,56.93834444444443,72.41962222222222,57.024,72.324,154,2.619056269212858,0.0011472618440132906,Auto,92.5,1.055673736572156,0.0002530961156727792,2.7648689180126684,0.0013806689020733258,0.0013806689020733258,0.0,ols,iid,0.9999708347057099,,Fit uncertainty estimated from residual scatter; no calibrated chi-square.; OLS conditions on recorded times. Propagate uncertainty of a derived d=v*t separately; EIV requires independent position sigmas.; Wall correction uses an effective cylindrical width in creeping flow; pos_h/pos_w and end effects are not modelled.; Geometry and fitted velocity assumed independent; wall model uncertainty is user supplied.; Quadratic diagnostic suggests curvature; check for acceleration before calling this terminal velocity.
S006,65.91116666666665,74.75761111111109,65.924,74.725,89,2.6043691101035025,0.0026659729636100697,Auto,92.5,1.055673736572156,0.0002530961156727792,2.7493640698760653,0.0028905570952193612,0.0028905570952193612,0.0,ols,iid,0.9999088438293968,,Fit uncertainty estimated from residual scatter; no calibrated chi-square.; OLS conditions on recorded times. Propagate uncertainty of a derived d=v*t separately; EIV requires independent position sigmas.; Wall correction uses an effective cylindrical width in creeping flow; pos_h/pos_w and end effects are not modelled.; Geometry and fitted velocity assumed independent; wall model uncertainty is user supplied.; Quadratic diagnostic suggests curvature; check for acceleration before calling this terminal velocity.
S007,50.556266666666666,68.24915555555555,50.624,68.224,177,2.6252488010721033,0.0009134635103224296,Auto,92.5,1.055673736572156,0.0002530961156727792,2.77140621125936,0.0011710648380455042,0.0011710648380455042,0.0,ols,iid,0.9999788129585362,,Fit uncertainty estimated from residual scatter; no calibrated chi-square.; OLS conditions on recorded times. Propagate uncertainty of a derived d=v*t separately; EIV requires independent position sigmas.; Wall correction uses an effective cylindrical width in creeping flow; pos_h/pos_w and end effects are not modelled.; Geometry and fitted velocity assumed independent; wall model uncertainty is user supplied.
S008,48.976544444444436,77.34835555555554,49.024,76.024,271,2.6185967949895828,0.0006038839319235047,Auto,92.5,1.055673736572156,0.0002530961156727792,2.764383863142525,0.0009195968041033352,0.0009195968041033352,0.0,ols,iid,0.9999856940813473,,Fit uncertainty estimated from residual scatter; no calibrated chi-square.; OLS conditions on recorded times. Propagate uncertainty of a derived d=v*t separately; EIV requires independent position sigmas.; Wall correction uses an effective cylindrical width in creeping flow; pos_h/pos_w and end effects are not modelled.; Geometry and fitted velocity assumed independent; wall model uncertainty is user supplied.; Quadratic diagnostic suggests curvature; check for acceleration before calling this terminal velocity.
S009,27.55551111111111,43.352733333333326,27.624,43.324,158,2.9446769002975666,0.002567015544981615,Auto,92.5,1.055673736572156,0.0002530961156727792,3.1086180663348464,0.0028105474711739376,0.0028105474711739376,0.0,ols,iid,0.9998814627593251,,Fit uncertainty estimated from residual scatter; no calibrated chi-square.; OLS conditions on recorded times. Propagate uncertainty of a derived d=v*t separately; EIV requires independent position sigmas.; Wall correction uses an effective cylindrical width in creeping flow; pos_h/pos_w and end effects are not modelled.; Geometry and fitted velocity assumed independent; wall model uncertainty is user supplied.; Quadratic diagnostic suggests curvature; check for acceleration before calling this terminal velocity.; Residuals are correlated; IID uncertainty may be optimistic. Inspect residuals and consider HAC.
S010,36.907466666666664,58.64444444444444,36.924,58.624,218,2.681954341596847,0.003383799474575184,Auto,92.5,1.055673736572156,0.0002530961156727792,2.83126876110946,0.003636108864388722,0.003636108864388722,0.0,ols,iid,0.9996562751548763,,Fit uncertainty estimated from residual scatter; no calibrated chi-square.; OLS conditions on recorded times. Propagate uncertainty of a derived d=v*t separately; EIV requires independent position sigmas.; Wall correction uses an effective cylindrical width in creeping flow; pos_h/pos_w and end effects are not modelled.; Geometry and fitted velocity assumed independent; wall model uncertainty is user supplied.; Quadratic diagnostic suggests curvature; check for acceleration before calling this terminal velocity.; Residuals are correlated; IID uncertainty may be optimistic. Inspect residuals and consider HAC.
S011,40.13009999999999,78.23299999999998,40.224,76.024,359,2.6277002618225325,0.0008241785992255972,Auto,92.5,1.055673736572156,0.0002530961156727792,2.7739941539898254,0.001095133150987737,0.001095133150987737,0.0,ols,iid,0.9999648808511438,,Fit uncertainty estimated from residual scatter; no calibrated chi-square.; OLS conditions on recorded times. Propagate uncertainty of a derived d=v*t separately; EIV requires independent position sigmas.; Wall correction uses an effective cylindrical width in creeping flow; pos_h/pos_w and end effects are not modelled.; Geometry and fitted velocity assumed independent; wall model uncertainty is user supplied.; Quadratic diagnostic suggests curvature; check for acceleration before calling this terminal velocity.; Residuals are correlated; IID uncertainty may be optimistic. Inspect residuals and consider HAC.
S012,48.155088888888876,78.23299999999998,48.224,76.024,279,2.6187695709399286,0.0005744091458810018,Auto,92.5,1.055673736572156,0.0002530961156727792,2.7645662581756163,0.0008983382283894003,0.0008983382283894003,0.0,ols,iid,0.99998667331594,,Fit uncertainty estimated from residual scatter; no calibrated chi-square.; OLS conditions on recorded times. Propagate uncertainty of a derived d=v*t separately; EIV requires independent position sigmas.; Wall correction uses an effective cylindrical width in creeping flow; pos_h/pos_w and end effects are not modelled.; Geometry and fitted velocity assumed independent; wall model uncertainty is user supplied.; Quadratic diagnostic suggests curvature; check for acceleration before calling this terminal velocity.
S013,48.155088888888876,70.52395555555555,48.224,70.424,223,2.6234263337279025,0.0006561133421833328,Auto,92.5,1.055673736572156,0.0002530961156727792,2.7694822803483268,0.0009594897346016909,0.0009594897346016909,0.0,ols,iid,0.9999861768741604,,Fit uncertainty estimated from residual scatter; no calibrated chi-square.; OLS conditions on recorded times. Propagate uncertainty of a derived d=v*t separately; EIV requires independent position sigmas.; Wall correction uses an effective cylindrical width in creeping flow; pos_h/pos_w and end effects are not modelled.; Geometry and fitted velocity assumed independent; wall model uncertainty is user supplied.
